-- ========================================
-- Seed Income Records for /call/income/list
-- Generated: 500 records
-- ========================================

-- Ensure Chart of Account records exist
INSERT INTO chartofaccount_comp (id) VALUES 
(401),
(402),
(403),
(404),
(405)
ON CONFLICT (id) DO NOTHING;

INSERT INTO chartofaccount_impl (id, code, name, description, isvisible) VALUES
(401, 4001, 'Sumbangan Donasi', 'Pendapatan dari donasi masyarakat', 'true'),
(402, 4002, 'Hibah', 'Pendapatan dari hibah institusi', 'true'),
(403, 4003, 'Jasa Layanan', 'Pendapatan dari jasa layanan', 'true'),
(404, 4004, 'Investasi', 'Pendapatan dari hasil investasi', 'true'),
(405, 4005, 'Lain-lain', 'Pendapatan lain-lain', 'true')
ON CONFLICT (id) DO NOTHING;

-- Ensure Program records exist (for foreign key references)
INSERT INTO program_comp (idprogram, name, description, executiondate, logourl, partner, target) VALUES
(0, 'Program Umum', 'Program kegiatan umum', '2024-01-01', 'https://example.com/logo0.png', 'Internal', 'Umum'),
(1, 'Program Pendidikan', 'Program bantuan pendidikan', '2024-01-15', 'https://example.com/logo1.png', 'Yayasan Pendidikan', 'Anak sekolah'),
(2, 'Program Kesehatan', 'Program kesehatan gratis', '2024-02-20', 'https://example.com/logo2.png', 'Klinik Sehat', 'Masyarakat umum')
ON CONFLICT (idprogram) DO NOTHING;

INSERT INTO program_activity (idprogram) VALUES
(0),
(1),
(2)
ON CONFLICT (idprogram) DO NOTHING;

-- Insert Financial Report Component records
INSERT INTO financialreport_comp (id, amount, datestamp, description, coa_id, program_idprogram) VALUES
(1001, 5701, '2025-04-03', 'Hasil penjualan produk', 403, NULL),
(1002, 292, '2025-06-21', 'Hasil investasi', 401, NULL),
(1003, 5075, '2025-03-19', 'Sumbangan untuk program pendidikan', 402, NULL),
(1004, 2206, '2025-04-06', 'Pendapatan jasa konsultasi', 404, NULL),
(1005, 4817, '2025-05-04', 'Donasi anonymous', 401, NULL),
(1006, 5797, '2024-12-15', 'Hasil penjualan produk', 403, NULL),
(1007, 8612, '2025-03-18', 'Donasi dari masyarakat umum', 401, NULL),
(1008, 6127, '2025-09-25', 'Pendapatan jasa konsultasi', 402, NULL),
(1009, 3679, '2025-10-21', 'Donasi perusahaan CSR', 402, NULL),
(1010, 3657, '2025-01-09', 'Hasil investasi', 402, 0),
(1011, 1843, '2025-04-27', 'Donasi perusahaan CSR', 404, NULL),
(1012, 6889, '2025-08-04', 'Hibah pemerintah', 403, NULL),
(1013, 9855, '2025-07-26', 'Hibah pemerintah', 404, 0),
(1014, 628, '2024-12-24', 'Donasi dari masyarakat umum', 405, NULL),
(1015, 6997, '2025-04-11', 'Hibah pemerintah', 404, NULL),
(1016, 3905, '2025-04-15', 'Donasi dari masyarakat umum', 402, NULL),
(1017, 9045, '2025-07-08', 'Sumbangan untuk program pendidikan', 404, NULL),
(1018, 6495, '2025-10-25', 'Sumbangan acara charity', 404, NULL),
(1019, 9806, '2025-02-21', 'Pendapatan jasa konsultasi', 402, 0),
(1020, 9678, '2024-11-07', 'Hibah pemerintah', 404, 0),
(1021, 9815, '2025-02-13', 'Sumbangan untuk program pendidikan', 401, 0),
(1022, 1196, '2024-12-11', 'Sumbangan untuk program pendidikan', 401, NULL),
(1023, 6598, '2025-10-19', 'Pendapatan dari event fundraising', 401, NULL),
(1024, 1062, '2025-08-19', 'Sumbangan untuk program pendidikan', 404, 0),
(1025, 9258, '2024-11-10', 'Donasi anonymous', 405, NULL),
(1026, 3078, '2025-06-03', 'Hibah pemerintah', 402, NULL),
(1027, 5554, '2025-09-22', 'Donasi dari masyarakat umum', 405, 1),
(1028, 8260, '2025-01-01', 'Donasi anonymous', 403, NULL),
(1029, 6693, '2025-06-08', 'Sumbangan untuk program pendidikan', 402, NULL),
(1030, 8010, '2025-06-27', 'Donasi anonymous', 405, NULL),
(1031, 882, '2025-06-01', 'Donasi dari masyarakat umum', 402, NULL),
(1032, 8252, '2025-02-09', 'Sumbangan untuk program pendidikan', 403, NULL),
(1033, 5967, '2025-07-03', 'Pendapatan dari event fundraising', 404, 0),
(1034, 9629, '2025-05-14', 'Sumbangan acara charity', 405, NULL),
(1035, 6120, '2025-07-08', 'Hasil investasi', 404, NULL),
(1036, 9800, '2025-01-10', 'Donasi anonymous', 405, NULL),
(1037, 5794, '2025-05-10', 'Sumbangan untuk program pendidikan', 402, NULL),
(1038, 1520, '2025-10-02', 'Donasi anonymous', 405, NULL),
(1039, 3951, '2024-11-11', 'Pendapatan jasa konsultasi', 404, 2),
(1040, 4238, '2025-08-21', 'Sumbangan acara charity', 401, NULL),
(1041, 9540, '2025-03-13', 'Hibah pemerintah', 401, NULL),
(1042, 9551, '2025-01-28', 'Hasil investasi', 404, NULL),
(1043, 8988, '2025-09-29', 'Sumbangan acara charity', 404, NULL),
(1044, 4362, '2025-09-16', 'Sumbangan acara charity', 401, NULL),
(1045, 7335, '2025-04-10', 'Donasi perusahaan CSR', 402, 2),
(1046, 7883, '2025-01-27', 'Sumbangan untuk program pendidikan', 404, 2),
(1047, 5542, '2024-11-14', 'Hasil investasi', 404, NULL),
(1048, 6966, '2025-09-10', 'Hibah pemerintah', 404, NULL),
(1049, 2531, '2024-11-21', 'Donasi perusahaan CSR', 405, NULL),
(1050, 8326, '2025-07-27', 'Donasi anonymous', 401, NULL),
(1051, 9397, '2025-05-19', 'Sumbangan acara charity', 405, NULL),
(1052, 7134, '2025-04-07', 'Hasil penjualan produk', 405, NULL),
(1053, 2132, '2025-06-09', 'Hasil penjualan produk', 404, NULL),
(1054, 2338, '2025-06-24', 'Donasi anonymous', 403, 0),
(1055, 8104, '2025-05-20', 'Sumbangan untuk program pendidikan', 404, NULL),
(1056, 2432, '2024-11-02', 'Hasil penjualan produk', 404, NULL),
(1057, 9971, '2025-07-02', 'Pendapatan jasa konsultasi', 401, NULL),
(1058, 454, '2025-07-16', 'Hasil investasi', 404, 1),
(1059, 7697, '2025-06-20', 'Hasil penjualan produk', 405, NULL),
(1060, 8511, '2025-04-28', 'Donasi dari masyarakat umum', 401, NULL),
(1061, 3754, '2025-01-17', 'Pendapatan dari event fundraising', 402, 2),
(1062, 8345, '2025-02-20', 'Donasi perusahaan CSR', 405, NULL),
(1063, 1672, '2024-12-03', 'Hibah pemerintah', 402, 2),
(1064, 9662, '2025-09-04', 'Donasi anonymous', 402, NULL),
(1065, 3124, '2025-08-13', 'Donasi dari masyarakat umum', 404, NULL),
(1066, 4611, '2025-05-28', 'Hasil investasi', 401, NULL),
(1067, 7911, '2025-05-25', 'Sumbangan acara charity', 404, 1),
(1068, 5346, '2024-12-23', 'Donasi dari masyarakat umum', 404, NULL),
(1069, 754, '2025-09-05', 'Donasi dari masyarakat umum', 404, 1),
(1070, 9384, '2025-10-07', 'Hasil investasi', 403, NULL),
(1071, 8201, '2025-04-25', 'Pendapatan dari event fundraising', 403, NULL),
(1072, 426, '2025-02-15', 'Sumbangan untuk program pendidikan', 401, 2),
(1073, 8752, '2025-08-15', 'Sumbangan acara charity', 404, NULL),
(1074, 4050, '2025-02-24', 'Donasi dari masyarakat umum', 404, 1),
(1075, 3170, '2025-10-04', 'Pendapatan dari event fundraising', 404, NULL),
(1076, 965, '2025-06-30', 'Donasi dari masyarakat umum', 401, NULL),
(1077, 9454, '2025-10-06', 'Hasil investasi', 402, 2),
(1078, 7909, '2024-11-19', 'Hibah pemerintah', 401, NULL),
(1079, 3913, '2025-08-29', 'Donasi perusahaan CSR', 401, NULL),
(1080, 1296, '2024-12-06', 'Donasi anonymous', 402, NULL),
(1081, 1924, '2025-08-04', 'Hasil penjualan produk', 405, NULL),
(1082, 10000, '2025-05-02', 'Sumbangan acara charity', 402, NULL),
(1083, 1176, '2025-10-03', 'Donasi dari masyarakat umum', 401, NULL),
(1084, 235, '2025-06-19', 'Hibah pemerintah', 403, 2),
(1085, 6572, '2024-11-11', 'Sumbangan untuk program pendidikan', 401, NULL),
(1086, 4830, '2025-09-27', 'Pendapatan dari event fundraising', 402, NULL),
(1087, 1655, '2024-11-03', 'Pendapatan jasa konsultasi', 404, NULL),
(1088, 4329, '2024-12-11', 'Sumbangan untuk program pendidikan', 401, NULL),
(1089, 8939, '2025-07-15', 'Donasi perusahaan CSR', 402, 1),
(1090, 8512, '2024-11-11', 'Hasil penjualan produk', 402, NULL),
(1091, 7329, '2025-07-13', 'Pendapatan dari event fundraising', 404, NULL),
(1092, 7816, '2025-08-11', 'Pendapatan dari event fundraising', 402, NULL),
(1093, 5630, '2024-11-22', 'Pendapatan dari event fundraising', 405, NULL),
(1094, 6414, '2025-01-28', 'Sumbangan acara charity', 403, 1),
(1095, 3215, '2024-12-31', 'Donasi dari masyarakat umum', 404, 0),
(1096, 4946, '2025-01-23', 'Pendapatan jasa konsultasi', 402, 2),
(1097, 8767, '2024-11-21', 'Donasi perusahaan CSR', 403, NULL),
(1098, 4450, '2025-06-03', 'Sumbangan acara charity', 405, NULL),
(1099, 2822, '2025-08-06', 'Sumbangan untuk program pendidikan', 404, NULL),
(1100, 2490, '2025-01-31', 'Donasi perusahaan CSR', 401, 2),
(1101, 2717, '2024-12-10', 'Sumbangan untuk program pendidikan', 402, 0),
(1102, 7375, '2025-08-19', 'Hasil penjualan produk', 402, NULL),
(1103, 5539, '2025-06-24', 'Sumbangan acara charity', 404, NULL),
(1104, 6780, '2025-07-16', 'Donasi anonymous', 405, NULL),
(1105, 8998, '2025-01-21', 'Sumbangan acara charity', 403, NULL),
(1106, 2349, '2025-03-28', 'Hasil penjualan produk', 403, NULL),
(1107, 9483, '2025-04-28', 'Hasil penjualan produk', 402, NULL),
(1108, 2641, '2025-09-03', 'Hibah pemerintah', 402, NULL),
(1109, 4722, '2025-01-13', 'Donasi perusahaan CSR', 402, NULL),
(1110, 398, '2024-12-19', 'Pendapatan dari event fundraising', 403, 1),
(1111, 7442, '2025-10-07', 'Hasil investasi', 401, 0),
(1112, 1243, '2025-05-26', 'Sumbangan untuk program pendidikan', 402, NULL),
(1113, 9961, '2025-02-19', 'Pendapatan jasa konsultasi', 405, 2),
(1114, 8263, '2025-08-20', 'Sumbangan untuk program pendidikan', 401, NULL),
(1115, 1361, '2025-03-31', 'Donasi anonymous', 401, NULL),
(1116, 9094, '2025-04-24', 'Sumbangan acara charity', 405, NULL),
(1117, 9952, '2025-06-23', 'Hibah pemerintah', 401, NULL),
(1118, 1388, '2024-11-04', 'Pendapatan dari event fundraising', 401, 0),
(1119, 232, '2025-07-31', 'Hasil investasi', 404, 0),
(1120, 6358, '2025-10-26', 'Pendapatan jasa konsultasi', 401, 2),
(1121, 1710, '2025-08-16', 'Sumbangan acara charity', 402, NULL),
(1122, 8051, '2025-02-18', 'Hibah pemerintah', 405, NULL),
(1123, 6554, '2025-02-27', 'Hibah pemerintah', 404, NULL),
(1124, 5406, '2024-12-07', 'Sumbangan untuk program pendidikan', 405, NULL),
(1125, 7899, '2025-05-21', 'Hasil investasi', 404, NULL),
(1126, 2672, '2025-04-28', 'Pendapatan dari event fundraising', 401, NULL),
(1127, 4840, '2025-08-22', 'Sumbangan untuk program pendidikan', 405, NULL),
(1128, 9561, '2025-01-24', 'Pendapatan dari event fundraising', 402, NULL),
(1129, 3952, '2025-07-07', 'Pendapatan jasa konsultasi', 402, NULL),
(1130, 9152, '2025-02-04', 'Donasi perusahaan CSR', 404, NULL),
(1131, 3840, '2025-01-18', 'Pendapatan dari event fundraising', 401, 0),
(1132, 4717, '2025-01-26', 'Sumbangan acara charity', 405, 1),
(1133, 9269, '2024-12-31', 'Donasi perusahaan CSR', 403, 1),
(1134, 9551, '2025-01-30', 'Pendapatan jasa konsultasi', 405, 0),
(1135, 1572, '2025-04-26', 'Donasi anonymous', 402, 1),
(1136, 9355, '2025-09-15', 'Hasil penjualan produk', 402, NULL),
(1137, 5641, '2025-07-26', 'Hasil investasi', 401, NULL),
(1138, 9832, '2025-09-09', 'Pendapatan jasa konsultasi', 403, 0),
(1139, 1960, '2024-11-03', 'Sumbangan untuk program pendidikan', 403, NULL),
(1140, 3521, '2025-02-20', 'Pendapatan dari event fundraising', 404, NULL),
(1141, 8228, '2025-04-21', 'Sumbangan untuk program pendidikan', 405, 1),
(1142, 6424, '2025-06-03', 'Hibah pemerintah', 403, 0),
(1143, 4191, '2024-11-15', 'Pendapatan jasa konsultasi', 405, 0),
(1144, 729, '2025-07-10', 'Donasi dari masyarakat umum', 405, NULL),
(1145, 5371, '2025-10-11', 'Donasi anonymous', 405, 1),
(1146, 5900, '2025-07-06', 'Hibah pemerintah', 401, 0),
(1147, 2604, '2025-04-29', 'Hasil penjualan produk', 402, NULL),
(1148, 6206, '2025-03-03', 'Donasi dari masyarakat umum', 405, 1),
(1149, 2579, '2025-09-22', 'Donasi perusahaan CSR', 401, 1),
(1150, 4309, '2024-11-22', 'Donasi perusahaan CSR', 401, NULL),
(1151, 5685, '2025-10-20', 'Sumbangan acara charity', 405, 2),
(1152, 5172, '2025-02-20', 'Pendapatan dari event fundraising', 405, 0),
(1153, 2314, '2025-10-26', 'Donasi anonymous', 404, 2),
(1154, 8931, '2024-12-22', 'Pendapatan dari event fundraising', 404, 0),
(1155, 1454, '2025-05-07', 'Hibah pemerintah', 404, NULL),
(1156, 2205, '2024-12-12', 'Pendapatan jasa konsultasi', 404, NULL),
(1157, 4189, '2025-03-04', 'Pendapatan dari event fundraising', 403, NULL),
(1158, 1083, '2024-11-09', 'Sumbangan untuk program pendidikan', 405, 1),
(1159, 1817, '2025-08-28', 'Sumbangan untuk program pendidikan', 405, NULL),
(1160, 3402, '2025-05-23', 'Pendapatan dari event fundraising', 404, 2),
(1161, 7147, '2025-02-02', 'Donasi dari masyarakat umum', 403, NULL),
(1162, 5233, '2025-08-02', 'Pendapatan jasa konsultasi', 403, NULL),
(1163, 543, '2025-01-24', 'Pendapatan jasa konsultasi', 403, NULL),
(1164, 597, '2025-10-10', 'Hasil investasi', 401, 1),
(1165, 9113, '2025-04-07', 'Hibah pemerintah', 402, NULL),
(1166, 7223, '2025-05-05', 'Donasi dari masyarakat umum', 402, 0),
(1167, 1157, '2025-06-24', 'Hasil investasi', 401, NULL),
(1168, 6322, '2025-06-13', 'Donasi perusahaan CSR', 402, NULL),
(1169, 3609, '2024-11-26', 'Sumbangan acara charity', 403, NULL),
(1170, 2002, '2025-06-24', 'Sumbangan untuk program pendidikan', 401, NULL),
(1171, 5814, '2025-03-14', 'Hasil investasi', 403, NULL),
(1172, 166, '2025-08-26', 'Hasil investasi', 401, NULL),
(1173, 3729, '2025-07-29', 'Sumbangan untuk program pendidikan', 401, NULL),
(1174, 2896, '2024-10-30', 'Hibah pemerintah', 402, NULL),
(1175, 9809, '2025-10-01', 'Donasi anonymous', 404, NULL),
(1176, 4597, '2025-06-18', 'Hasil penjualan produk', 402, NULL),
(1177, 3560, '2025-03-10', 'Hasil investasi', 401, NULL),
(1178, 2385, '2025-01-09', 'Pendapatan dari event fundraising', 404, 1),
(1179, 950, '2025-01-28', 'Donasi dari masyarakat umum', 404, NULL),
(1180, 2513, '2025-10-07', 'Donasi perusahaan CSR', 401, 0),
(1181, 1967, '2025-07-10', 'Donasi dari masyarakat umum', 401, 1),
(1182, 2017, '2025-03-26', 'Pendapatan dari event fundraising', 402, 1),
(1183, 1567, '2025-03-22', 'Sumbangan acara charity', 403, NULL),
(1184, 4239, '2025-02-26', 'Hasil penjualan produk', 402, NULL),
(1185, 6471, '2024-11-11', 'Donasi anonymous', 401, NULL),
(1186, 1674, '2025-08-18', 'Hibah pemerintah', 405, NULL),
(1187, 9522, '2025-08-21', 'Pendapatan dari event fundraising', 403, NULL),
(1188, 1851, '2025-06-03', 'Hasil investasi', 402, NULL),
(1189, 605, '2025-01-19', 'Donasi dari masyarakat umum', 401, NULL),
(1190, 4512, '2025-08-12', 'Donasi dari masyarakat umum', 405, NULL),
(1191, 7385, '2025-04-08', 'Hasil investasi', 405, 1),
(1192, 2271, '2025-03-12', 'Donasi dari masyarakat umum', 401, NULL),
(1193, 5232, '2025-03-29', 'Hibah pemerintah', 404, 0),
(1194, 635, '2025-03-09', 'Donasi perusahaan CSR', 405, NULL),
(1195, 3162, '2025-01-01', 'Sumbangan untuk program pendidikan', 405, NULL),
(1196, 7166, '2025-05-01', 'Sumbangan untuk program pendidikan', 404, NULL),
(1197, 9516, '2025-10-28', 'Donasi anonymous', 401, 2),
(1198, 3378, '2025-06-05', 'Donasi dari masyarakat umum', 404, 1),
(1199, 8135, '2025-09-30', 'Hibah pemerintah', 403, NULL),
(1200, 486, '2025-03-03', 'Sumbangan untuk program pendidikan', 404, 1),
(1201, 797, '2025-06-10', 'Sumbangan untuk program pendidikan', 404, NULL),
(1202, 735, '2025-05-20', 'Donasi dari masyarakat umum', 403, NULL),
(1203, 3574, '2025-08-29', 'Hibah pemerintah', 401, NULL),
(1204, 4353, '2025-06-04', 'Hasil investasi', 405, NULL),
(1205, 7692, '2025-07-18', 'Donasi anonymous', 405, 0),
(1206, 3755, '2025-10-16', 'Donasi perusahaan CSR', 404, NULL),
(1207, 9889, '2025-08-06', 'Donasi anonymous', 404, NULL),
(1208, 2341, '2025-07-28', 'Hibah pemerintah', 402, 2),
(1209, 1422, '2025-10-14', 'Sumbangan acara charity', 403, NULL),
(1210, 5224, '2025-07-26', 'Hibah pemerintah', 405, 1),
(1211, 7889, '2024-11-10', 'Donasi perusahaan CSR', 403, 0),
(1212, 5368, '2025-03-28', 'Pendapatan dari event fundraising', 402, NULL),
(1213, 5437, '2025-04-15', 'Hasil investasi', 404, NULL),
(1214, 3884, '2025-09-06', 'Donasi dari masyarakat umum', 402, NULL),
(1215, 4331, '2025-05-24', 'Pendapatan dari event fundraising', 403, NULL),
(1216, 4428, '2025-07-30', 'Donasi dari masyarakat umum', 404, NULL),
(1217, 7536, '2025-02-06', 'Hasil investasi', 403, NULL),
(1218, 8582, '2025-04-12', 'Pendapatan jasa konsultasi', 401, NULL),
(1219, 1332, '2025-02-01', 'Donasi anonymous', 402, 0),
(1220, 4656, '2025-01-22', 'Hasil penjualan produk', 403, NULL),
(1221, 7535, '2025-03-29', 'Donasi dari masyarakat umum', 402, NULL),
(1222, 8751, '2025-10-23', 'Hasil investasi', 403, 1),
(1223, 4296, '2025-09-11', 'Pendapatan dari event fundraising', 404, 2),
(1224, 3386, '2025-06-12', 'Donasi anonymous', 404, NULL),
(1225, 7256, '2025-01-22', 'Sumbangan untuk program pendidikan', 405, NULL),
(1226, 528, '2024-12-25', 'Pendapatan jasa konsultasi', 405, 2),
(1227, 6297, '2025-09-25', 'Donasi anonymous', 402, NULL),
(1228, 4952, '2025-03-28', 'Donasi dari masyarakat umum', 404, 2),
(1229, 7757, '2025-10-23', 'Hasil penjualan produk', 403, NULL),
(1230, 8935, '2025-09-11', 'Hasil penjualan produk', 404, NULL),
(1231, 6841, '2025-02-25', 'Donasi perusahaan CSR', 405, 1),
(1232, 8329, '2025-04-12', 'Donasi perusahaan CSR', 405, 0),
(1233, 7840, '2024-11-02', 'Sumbangan acara charity', 403, NULL),
(1234, 4181, '2025-01-06', 'Donasi anonymous', 403, 0),
(1235, 8369, '2025-07-02', 'Hasil investasi', 404, NULL),
(1236, 413, '2025-08-18', 'Hibah pemerintah', 403, NULL),
(1237, 6971, '2025-04-24', 'Pendapatan jasa konsultasi', 402, NULL),
(1238, 4603, '2025-10-25', 'Hibah pemerintah', 405, NULL),
(1239, 1771, '2025-01-19', 'Donasi dari masyarakat umum', 404, 2),
(1240, 1143, '2024-11-27', 'Pendapatan dari event fundraising', 402, 0),
(1241, 103, '2024-12-11', 'Sumbangan untuk program pendidikan', 403, NULL),
(1242, 4334, '2025-09-24', 'Hibah pemerintah', 401, NULL),
(1243, 4016, '2025-09-10', 'Sumbangan untuk program pendidikan', 404, NULL),
(1244, 1931, '2025-01-21', 'Donasi anonymous', 402, 2),
(1245, 3466, '2025-09-12', 'Pendapatan jasa konsultasi', 405, 2),
(1246, 3557, '2025-01-06', 'Pendapatan jasa konsultasi', 405, 1),
(1247, 6185, '2025-05-26', 'Donasi anonymous', 403, NULL),
(1248, 6743, '2024-11-14', 'Hasil investasi', 403, 0),
(1249, 5050, '2025-03-16', 'Donasi anonymous', 401, 0),
(1250, 4607, '2025-09-19', 'Pendapatan jasa konsultasi', 401, 0),
(1251, 5778, '2025-09-09', 'Hasil investasi', 404, NULL),
(1252, 9900, '2025-02-05', 'Donasi anonymous', 404, NULL),
(1253, 3934, '2025-10-23', 'Hasil penjualan produk', 404, NULL),
(1254, 8903, '2025-10-28', 'Donasi dari masyarakat umum', 403, NULL),
(1255, 9373, '2024-11-27', 'Hibah pemerintah', 401, NULL),
(1256, 5411, '2025-01-16', 'Sumbangan untuk program pendidikan', 403, 0),
(1257, 6315, '2024-11-14', 'Sumbangan acara charity', 401, 1),
(1258, 388, '2025-10-19', 'Hibah pemerintah', 401, NULL),
(1259, 4934, '2025-06-17', 'Pendapatan dari event fundraising', 401, 1),
(1260, 4171, '2025-03-04', 'Sumbangan acara charity', 405, NULL),
(1261, 2272, '2025-09-13', 'Hasil penjualan produk', 404, NULL),
(1262, 721, '2025-01-18', 'Hibah pemerintah', 403, NULL),
(1263, 3885, '2024-12-12', 'Hasil penjualan produk', 402, 1),
(1264, 7706, '2025-05-22', 'Pendapatan jasa konsultasi', 405, NULL),
(1265, 9646, '2025-02-18', 'Sumbangan untuk program pendidikan', 401, NULL),
(1266, 2259, '2025-07-21', 'Pendapatan dari event fundraising', 404, NULL),
(1267, 2933, '2025-02-06', 'Hasil investasi', 401, NULL),
(1268, 1830, '2025-07-29', 'Donasi perusahaan CSR', 403, NULL),
(1269, 428, '2025-05-31', 'Donasi anonymous', 404, 0),
(1270, 2426, '2025-02-12', 'Sumbangan untuk program pendidikan', 402, NULL),
(1271, 169, '2025-01-20', 'Sumbangan acara charity', 401, NULL),
(1272, 7602, '2025-02-25', 'Hasil investasi', 402, NULL),
(1273, 8425, '2025-03-28', 'Donasi dari masyarakat umum', 404, 1),
(1274, 6713, '2025-08-16', 'Donasi perusahaan CSR', 405, NULL),
(1275, 7953, '2025-04-23', 'Pendapatan jasa konsultasi', 402, 2),
(1276, 432, '2025-09-21', 'Donasi perusahaan CSR', 402, NULL),
(1277, 4944, '2025-10-06', 'Sumbangan untuk program pendidikan', 403, 2),
(1278, 384, '2025-01-26', 'Sumbangan acara charity', 401, 2),
(1279, 9812, '2025-07-06', 'Donasi perusahaan CSR', 401, NULL),
(1280, 9852, '2025-02-09', 'Donasi dari masyarakat umum', 402, NULL),
(1281, 162, '2025-06-12', 'Donasi dari masyarakat umum', 401, NULL),
(1282, 9770, '2025-04-07', 'Sumbangan untuk program pendidikan', 403, NULL),
(1283, 4208, '2025-03-27', 'Hasil penjualan produk', 401, 1),
(1284, 5075, '2024-11-12', 'Hasil investasi', 402, NULL),
(1285, 1407, '2025-05-28', 'Sumbangan acara charity', 401, NULL),
(1286, 1265, '2025-06-02', 'Hasil penjualan produk', 404, 1),
(1287, 3512, '2025-10-22', 'Sumbangan acara charity', 405, NULL),
(1288, 9802, '2025-07-25', 'Hasil penjualan produk', 405, NULL),
(1289, 2178, '2024-12-16', 'Donasi dari masyarakat umum', 402, NULL),
(1290, 9486, '2025-08-08', 'Hibah pemerintah', 402, NULL),
(1291, 5763, '2025-09-27', 'Sumbangan acara charity', 403, NULL),
(1292, 8012, '2025-02-21', 'Sumbangan untuk program pendidikan', 403, NULL),
(1293, 7219, '2025-04-20', 'Hasil investasi', 401, 1),
(1294, 9846, '2025-09-29', 'Donasi perusahaan CSR', 402, 2),
(1295, 4573, '2025-01-23', 'Pendapatan dari event fundraising', 402, NULL),
(1296, 5745, '2025-05-18', 'Pendapatan jasa konsultasi', 404, NULL),
(1297, 3420, '2025-07-28', 'Sumbangan acara charity', 404, NULL),
(1298, 4717, '2025-05-29', 'Donasi dari masyarakat umum', 402, 0),
(1299, 7973, '2025-02-22', 'Donasi dari masyarakat umum', 401, NULL),
(1300, 9463, '2024-12-09', 'Pendapatan jasa konsultasi', 405, 1),
(1301, 9920, '2025-05-05', 'Hibah pemerintah', 405, NULL),
(1302, 834, '2024-11-19', 'Hibah pemerintah', 401, NULL),
(1303, 5076, '2025-01-29', 'Pendapatan jasa konsultasi', 401, NULL),
(1304, 5678, '2024-12-02', 'Hibah pemerintah', 405, NULL),
(1305, 4946, '2025-08-24', 'Donasi dari masyarakat umum', 401, NULL),
(1306, 8452, '2024-12-04', 'Hibah pemerintah', 404, 2),
(1307, 8530, '2024-12-29', 'Sumbangan untuk program pendidikan', 403, NULL),
(1308, 456, '2025-10-07', 'Hibah pemerintah', 403, NULL),
(1309, 2433, '2025-04-07', 'Donasi anonymous', 402, 0),
(1310, 8719, '2025-03-05', 'Pendapatan jasa konsultasi', 402, NULL),
(1311, 5070, '2025-02-06', 'Hasil penjualan produk', 401, 2),
(1312, 9623, '2025-09-02', 'Sumbangan untuk program pendidikan', 405, NULL),
(1313, 5615, '2025-01-23', 'Donasi anonymous', 405, 2),
(1314, 4495, '2025-08-13', 'Pendapatan dari event fundraising', 404, 0),
(1315, 7458, '2025-03-14', 'Donasi anonymous', 405, NULL),
(1316, 4569, '2025-05-16', 'Pendapatan jasa konsultasi', 405, NULL),
(1317, 5757, '2025-08-09', 'Hibah pemerintah', 405, 0),
(1318, 6588, '2025-02-15', 'Sumbangan untuk program pendidikan', 403, NULL),
(1319, 5925, '2024-12-02', 'Hasil penjualan produk', 404, NULL),
(1320, 8419, '2025-01-26', 'Sumbangan untuk program pendidikan', 401, NULL),
(1321, 763, '2025-09-12', 'Pendapatan dari event fundraising', 405, NULL),
(1322, 5030, '2025-10-24', 'Donasi perusahaan CSR', 405, NULL),
(1323, 7408, '2025-08-08', 'Donasi anonymous', 403, NULL),
(1324, 6761, '2025-01-19', 'Donasi dari masyarakat umum', 405, NULL),
(1325, 3575, '2025-09-12', 'Hibah pemerintah', 404, 0),
(1326, 2208, '2024-12-02', 'Hibah pemerintah', 402, NULL),
(1327, 112, '2025-01-13', 'Donasi dari masyarakat umum', 401, 2),
(1328, 8234, '2024-12-21', 'Donasi anonymous', 401, NULL),
(1329, 3195, '2025-10-19', 'Sumbangan untuk program pendidikan', 405, NULL),
(1330, 5700, '2025-07-25', 'Pendapatan dari event fundraising', 405, 0),
(1331, 2834, '2025-09-20', 'Donasi anonymous', 404, NULL),
(1332, 105, '2025-08-22', 'Hasil investasi', 402, 2),
(1333, 9382, '2025-10-08', 'Sumbangan untuk program pendidikan', 404, 1),
(1334, 6149, '2024-11-21', 'Donasi anonymous', 401, NULL),
(1335, 2008, '2024-11-19', 'Donasi dari masyarakat umum', 402, NULL),
(1336, 4674, '2024-12-16', 'Hasil penjualan produk', 405, NULL),
(1337, 8385, '2025-03-06', 'Pendapatan jasa konsultasi', 404, NULL),
(1338, 9094, '2025-04-14', 'Hasil penjualan produk', 405, NULL),
(1339, 9390, '2025-04-05', 'Hasil penjualan produk', 402, NULL),
(1340, 2331, '2025-10-02', 'Sumbangan untuk program pendidikan', 403, NULL),
(1341, 5746, '2025-06-18', 'Hasil penjualan produk', 404, NULL),
(1342, 9414, '2024-11-02', 'Hibah pemerintah', 405, NULL),
(1343, 9256, '2025-08-26', 'Donasi dari masyarakat umum', 403, 1),
(1344, 1428, '2025-07-26', 'Donasi anonymous', 401, NULL),
(1345, 6704, '2024-12-22', 'Donasi perusahaan CSR', 403, NULL),
(1346, 1473, '2025-05-31', 'Hibah pemerintah', 401, NULL),
(1347, 5724, '2025-02-21', 'Donasi dari masyarakat umum', 401, NULL),
(1348, 5242, '2025-05-27', 'Donasi perusahaan CSR', 404, NULL),
(1349, 7553, '2025-06-21', 'Hibah pemerintah', 403, 2),
(1350, 2821, '2025-01-03', 'Hasil penjualan produk', 404, 0),
(1351, 9298, '2025-04-11', 'Sumbangan untuk program pendidikan', 403, NULL),
(1352, 3366, '2025-10-19', 'Donasi dari masyarakat umum', 401, NULL),
(1353, 7125, '2025-05-24', 'Hasil investasi', 402, 0),
(1354, 8692, '2025-08-30', 'Pendapatan dari event fundraising', 402, NULL),
(1355, 9572, '2025-03-03', 'Pendapatan jasa konsultasi', 403, NULL),
(1356, 3932, '2025-07-04', 'Donasi anonymous', 405, 2),
(1357, 1761, '2025-07-21', 'Pendapatan dari event fundraising', 401, NULL),
(1358, 6170, '2024-11-25', 'Hasil penjualan produk', 405, NULL),
(1359, 2765, '2025-03-20', 'Hibah pemerintah', 401, NULL),
(1360, 8860, '2025-01-29', 'Hibah pemerintah', 405, NULL),
(1361, 3915, '2025-06-22', 'Pendapatan jasa konsultasi', 404, NULL),
(1362, 9687, '2025-10-27', 'Hasil penjualan produk', 401, NULL),
(1363, 7002, '2025-07-22', 'Pendapatan dari event fundraising', 403, 1),
(1364, 5306, '2025-05-23', 'Hasil penjualan produk', 401, 1),
(1365, 8478, '2025-02-22', 'Hasil penjualan produk', 403, NULL),
(1366, 3228, '2025-01-02', 'Hibah pemerintah', 401, NULL),
(1367, 9897, '2025-02-18', 'Sumbangan untuk program pendidikan', 403, 1),
(1368, 8541, '2025-01-12', 'Hasil penjualan produk', 403, NULL),
(1369, 3606, '2024-12-23', 'Sumbangan acara charity', 404, NULL),
(1370, 5878, '2025-07-29', 'Donasi perusahaan CSR', 404, NULL),
(1371, 2450, '2025-01-15', 'Hibah pemerintah', 404, NULL),
(1372, 7249, '2025-01-08', 'Hibah pemerintah', 403, 2),
(1373, 7284, '2024-11-08', 'Pendapatan jasa konsultasi', 404, NULL),
(1374, 3969, '2025-07-24', 'Donasi anonymous', 402, NULL),
(1375, 1940, '2024-12-04', 'Sumbangan untuk program pendidikan', 403, 2),
(1376, 7327, '2025-07-07', 'Sumbangan acara charity', 405, NULL),
(1377, 8802, '2025-06-02', 'Pendapatan jasa konsultasi', 405, NULL),
(1378, 2788, '2025-02-13', 'Pendapatan jasa konsultasi', 401, NULL),
(1379, 4512, '2025-02-12', 'Pendapatan dari event fundraising', 404, 0),
(1380, 774, '2025-01-03', 'Donasi anonymous', 405, NULL),
(1381, 2026, '2025-08-11', 'Donasi dari masyarakat umum', 402, NULL),
(1382, 1730, '2024-12-18', 'Hibah pemerintah', 402, NULL),
(1383, 1870, '2024-10-31', 'Hibah pemerintah', 405, NULL),
(1384, 6194, '2025-06-08', 'Pendapatan dari event fundraising', 404, NULL),
(1385, 8341, '2025-10-08', 'Pendapatan dari event fundraising', 401, NULL),
(1386, 6535, '2025-08-30', 'Sumbangan acara charity', 402, NULL),
(1387, 7330, '2025-06-07', 'Sumbangan untuk program pendidikan', 403, 2),
(1388, 1739, '2024-12-30', 'Hasil investasi', 401, 1),
(1389, 4755, '2025-04-04', 'Donasi anonymous', 402, NULL),
(1390, 9117, '2025-03-14', 'Donasi perusahaan CSR', 401, NULL),
(1391, 7601, '2025-06-05', 'Pendapatan jasa konsultasi', 402, NULL),
(1392, 2279, '2025-08-14', 'Donasi dari masyarakat umum', 403, 0),
(1393, 1591, '2024-12-05', 'Hasil penjualan produk', 402, NULL),
(1394, 3084, '2024-12-01', 'Donasi perusahaan CSR', 402, NULL),
(1395, 364, '2025-01-20', 'Donasi anonymous', 402, NULL),
(1396, 1945, '2025-02-05', 'Sumbangan untuk program pendidikan', 403, NULL),
(1397, 6071, '2025-09-16', 'Donasi anonymous', 402, NULL),
(1398, 4883, '2025-07-22', 'Hibah pemerintah', 403, 0),
(1399, 3634, '2025-04-28', 'Pendapatan dari event fundraising', 402, NULL),
(1400, 7659, '2025-09-26', 'Sumbangan acara charity', 404, NULL),
(1401, 8173, '2025-01-23', 'Hasil investasi', 404, NULL),
(1402, 4439, '2024-11-29', 'Hibah pemerintah', 403, NULL),
(1403, 398, '2025-07-14', 'Donasi anonymous', 403, 2),
(1404, 6154, '2024-12-13', 'Donasi dari masyarakat umum', 401, NULL),
(1405, 556, '2025-10-05', 'Pendapatan dari event fundraising', 403, NULL),
(1406, 9587, '2025-02-05', 'Hasil penjualan produk', 401, NULL),
(1407, 2209, '2024-12-28', 'Sumbangan acara charity', 401, NULL),
(1408, 8119, '2024-12-27', 'Sumbangan acara charity', 404, NULL),
(1409, 3015, '2025-06-27', 'Pendapatan dari event fundraising', 401, 0),
(1410, 7907, '2025-07-03', 'Pendapatan dari event fundraising', 405, 2),
(1411, 7736, '2025-05-10', 'Sumbangan acara charity', 403, NULL),
(1412, 8801, '2025-04-29', 'Hibah pemerintah', 402, NULL),
(1413, 9992, '2025-10-25', 'Pendapatan jasa konsultasi', 403, 1),
(1414, 7486, '2025-02-27', 'Donasi anonymous', 402, NULL),
(1415, 3825, '2025-05-21', 'Hasil penjualan produk', 401, 1),
(1416, 6407, '2025-01-13', 'Sumbangan untuk program pendidikan', 405, 1),
(1417, 3229, '2025-08-24', 'Hasil investasi', 403, NULL),
(1418, 9242, '2025-01-06', 'Donasi anonymous', 402, NULL),
(1419, 1959, '2025-10-25', 'Pendapatan dari event fundraising', 403, NULL),
(1420, 1947, '2025-03-29', 'Hasil investasi', 403, NULL),
(1421, 6076, '2025-02-25', 'Donasi anonymous', 405, 1),
(1422, 2180, '2025-06-26', 'Hibah pemerintah', 404, NULL),
(1423, 4634, '2024-11-12', 'Pendapatan jasa konsultasi', 405, NULL),
(1424, 2441, '2024-12-24', 'Sumbangan acara charity', 402, 1),
(1425, 5827, '2025-03-08', 'Pendapatan jasa konsultasi', 402, 1),
(1426, 4406, '2024-11-03', 'Hibah pemerintah', 402, NULL),
(1427, 2749, '2025-01-28', 'Hasil investasi', 402, NULL),
(1428, 539, '2025-04-15', 'Pendapatan dari event fundraising', 401, 1),
(1429, 9232, '2025-03-27', 'Sumbangan acara charity', 403, NULL),
(1430, 5074, '2025-07-15', 'Donasi dari masyarakat umum', 401, NULL),
(1431, 7428, '2025-03-29', 'Sumbangan acara charity', 405, 0),
(1432, 8041, '2025-10-18', 'Sumbangan untuk program pendidikan', 401, NULL),
(1433, 8048, '2025-06-07', 'Sumbangan untuk program pendidikan', 405, NULL),
(1434, 2209, '2025-10-20', 'Sumbangan acara charity', 401, NULL),
(1435, 2985, '2024-12-05', 'Hasil investasi', 405, NULL),
(1436, 239, '2025-08-19', 'Donasi dari masyarakat umum', 402, NULL),
(1437, 2454, '2025-09-15', 'Pendapatan dari event fundraising', 402, NULL),
(1438, 9406, '2024-11-03', 'Hibah pemerintah', 402, 2),
(1439, 2398, '2024-12-12', 'Sumbangan acara charity', 403, 1),
(1440, 7884, '2025-09-11', 'Hasil investasi', 403, NULL),
(1441, 4901, '2025-09-09', 'Sumbangan untuk program pendidikan', 401, 0),
(1442, 9785, '2024-11-10', 'Pendapatan dari event fundraising', 404, NULL),
(1443, 9435, '2025-09-14', 'Hasil investasi', 405, NULL),
(1444, 8869, '2025-07-19', 'Hasil investasi', 401, NULL),
(1445, 2595, '2024-11-14', 'Sumbangan acara charity', 405, 2),
(1446, 5017, '2025-02-10', 'Hasil investasi', 404, 1),
(1447, 7088, '2025-05-05', 'Donasi dari masyarakat umum', 401, NULL),
(1448, 8096, '2025-02-24', 'Hibah pemerintah', 404, NULL),
(1449, 2534, '2025-05-02', 'Donasi anonymous', 405, 1),
(1450, 6486, '2025-09-19', 'Hibah pemerintah', 402, 2),
(1451, 9944, '2025-04-30', 'Hasil investasi', 402, NULL),
(1452, 9517, '2025-02-18', 'Hasil investasi', 405, NULL),
(1453, 6691, '2025-10-18', 'Pendapatan dari event fundraising', 405, NULL),
(1454, 6248, '2025-09-16', 'Hibah pemerintah', 405, NULL),
(1455, 4242, '2025-05-19', 'Pendapatan jasa konsultasi', 404, 0),
(1456, 9077, '2025-07-01', 'Hasil investasi', 402, NULL),
(1457, 6050, '2025-06-17', 'Donasi anonymous', 404, NULL),
(1458, 2385, '2025-05-23', 'Donasi anonymous', 402, NULL),
(1459, 2642, '2025-03-22', 'Donasi anonymous', 404, NULL),
(1460, 9457, '2025-05-11', 'Pendapatan jasa konsultasi', 404, NULL),
(1461, 1799, '2025-03-11', 'Hasil investasi', 405, 1),
(1462, 3103, '2025-05-13', 'Donasi dari masyarakat umum', 404, NULL),
(1463, 4239, '2025-05-29', 'Pendapatan dari event fundraising', 402, 0),
(1464, 9535, '2025-08-18', 'Hasil penjualan produk', 403, NULL),
(1465, 5274, '2025-02-11', 'Sumbangan acara charity', 405, NULL),
(1466, 3883, '2025-06-15', 'Sumbangan acara charity', 405, NULL),
(1467, 4833, '2024-11-04', 'Hasil penjualan produk', 404, 0),
(1468, 481, '2025-01-13', 'Hasil investasi', 405, NULL),
(1469, 5044, '2025-07-17', 'Pendapatan jasa konsultasi', 401, NULL),
(1470, 7932, '2025-04-13', 'Sumbangan acara charity', 403, NULL),
(1471, 8926, '2025-04-09', 'Donasi dari masyarakat umum', 404, NULL),
(1472, 3250, '2025-08-06', 'Hibah pemerintah', 404, NULL),
(1473, 2083, '2025-04-10', 'Sumbangan untuk program pendidikan', 401, NULL),
(1474, 6639, '2025-04-16', 'Donasi dari masyarakat umum', 404, NULL),
(1475, 7585, '2025-06-28', 'Hasil investasi', 403, 2),
(1476, 6842, '2024-11-28', 'Sumbangan acara charity', 404, NULL),
(1477, 303, '2024-11-01', 'Sumbangan untuk program pendidikan', 404, 2),
(1478, 1675, '2025-08-11', 'Sumbangan acara charity', 401, NULL),
(1479, 6419, '2025-08-03', 'Donasi dari masyarakat umum', 401, NULL),
(1480, 978, '2025-09-06', 'Donasi perusahaan CSR', 402, 1),
(1481, 3808, '2024-12-24', 'Hibah pemerintah', 403, NULL),
(1482, 6803, '2024-12-07', 'Pendapatan dari event fundraising', 405, NULL),
(1483, 5853, '2025-05-21', 'Donasi dari masyarakat umum', 405, NULL),
(1484, 4819, '2025-03-02', 'Pendapatan dari event fundraising', 401, NULL),
(1485, 3708, '2025-09-26', 'Donasi dari masyarakat umum', 405, NULL),
(1486, 658, '2025-04-24', 'Hasil penjualan produk', 403, NULL),
(1487, 8843, '2025-07-02', 'Donasi dari masyarakat umum', 402, 1),
(1488, 6862, '2025-08-30', 'Donasi perusahaan CSR', 405, 1),
(1489, 946, '2025-07-28', 'Donasi dari masyarakat umum', 402, NULL),
(1490, 2193, '2025-07-24', 'Hasil penjualan produk', 404, NULL),
(1491, 6679, '2025-01-10', 'Sumbangan untuk program pendidikan', 401, 1),
(1492, 7331, '2025-07-06', 'Pendapatan dari event fundraising', 404, NULL),
(1493, 3426, '2025-03-31', 'Pendapatan dari event fundraising', 405, NULL),
(1494, 4232, '2025-03-20', 'Donasi anonymous', 402, NULL),
(1495, 544, '2025-02-13', 'Pendapatan dari event fundraising', 405, NULL),
(1496, 931, '2025-10-25', 'Sumbangan untuk program pendidikan', 405, NULL),
(1497, 6311, '2025-07-07', 'Donasi perusahaan CSR', 403, 0),
(1498, 7665, '2025-07-23', 'Sumbangan untuk program pendidikan', 404, 2),
(1499, 7857, '2025-08-25', 'Donasi dari masyarakat umum', 404, 1),
(1500, 9415, '2025-01-03', 'Pendapatan dari event fundraising', 404, 2)
ON CONFLICT (id) DO NOTHING;

-- Insert Financial Report Implementation records
INSERT INTO financialreport_impl (id) VALUES
(1001),
(1002),
(1003),
(1004),
(1005),
(1006),
(1007),
(1008),
(1009),
(1010),
(1011),
(1012),
(1013),
(1014),
(1015),
(1016),
(1017),
(1018),
(1019),
(1020),
(1021),
(1022),
(1023),
(1024),
(1025),
(1026),
(1027),
(1028),
(1029),
(1030),
(1031),
(1032),
(1033),
(1034),
(1035),
(1036),
(1037),
(1038),
(1039),
(1040),
(1041),
(1042),
(1043),
(1044),
(1045),
(1046),
(1047),
(1048),
(1049),
(1050),
(1051),
(1052),
(1053),
(1054),
(1055),
(1056),
(1057),
(1058),
(1059),
(1060),
(1061),
(1062),
(1063),
(1064),
(1065),
(1066),
(1067),
(1068),
(1069),
(1070),
(1071),
(1072),
(1073),
(1074),
(1075),
(1076),
(1077),
(1078),
(1079),
(1080),
(1081),
(1082),
(1083),
(1084),
(1085),
(1086),
(1087),
(1088),
(1089),
(1090),
(1091),
(1092),
(1093),
(1094),
(1095),
(1096),
(1097),
(1098),
(1099),
(1100),
(1101),
(1102),
(1103),
(1104),
(1105),
(1106),
(1107),
(1108),
(1109),
(1110),
(1111),
(1112),
(1113),
(1114),
(1115),
(1116),
(1117),
(1118),
(1119),
(1120),
(1121),
(1122),
(1123),
(1124),
(1125),
(1126),
(1127),
(1128),
(1129),
(1130),
(1131),
(1132),
(1133),
(1134),
(1135),
(1136),
(1137),
(1138),
(1139),
(1140),
(1141),
(1142),
(1143),
(1144),
(1145),
(1146),
(1147),
(1148),
(1149),
(1150),
(1151),
(1152),
(1153),
(1154),
(1155),
(1156),
(1157),
(1158),
(1159),
(1160),
(1161),
(1162),
(1163),
(1164),
(1165),
(1166),
(1167),
(1168),
(1169),
(1170),
(1171),
(1172),
(1173),
(1174),
(1175),
(1176),
(1177),
(1178),
(1179),
(1180),
(1181),
(1182),
(1183),
(1184),
(1185),
(1186),
(1187),
(1188),
(1189),
(1190),
(1191),
(1192),
(1193),
(1194),
(1195),
(1196),
(1197),
(1198),
(1199),
(1200),
(1201),
(1202),
(1203),
(1204),
(1205),
(1206),
(1207),
(1208),
(1209),
(1210),
(1211),
(1212),
(1213),
(1214),
(1215),
(1216),
(1217),
(1218),
(1219),
(1220),
(1221),
(1222),
(1223),
(1224),
(1225),
(1226),
(1227),
(1228),
(1229),
(1230),
(1231),
(1232),
(1233),
(1234),
(1235),
(1236),
(1237),
(1238),
(1239),
(1240),
(1241),
(1242),
(1243),
(1244),
(1245),
(1246),
(1247),
(1248),
(1249),
(1250),
(1251),
(1252),
(1253),
(1254),
(1255),
(1256),
(1257),
(1258),
(1259),
(1260),
(1261),
(1262),
(1263),
(1264),
(1265),
(1266),
(1267),
(1268),
(1269),
(1270),
(1271),
(1272),
(1273),
(1274),
(1275),
(1276),
(1277),
(1278),
(1279),
(1280),
(1281),
(1282),
(1283),
(1284),
(1285),
(1286),
(1287),
(1288),
(1289),
(1290),
(1291),
(1292),
(1293),
(1294),
(1295),
(1296),
(1297),
(1298),
(1299),
(1300),
(1301),
(1302),
(1303),
(1304),
(1305),
(1306),
(1307),
(1308),
(1309),
(1310),
(1311),
(1312),
(1313),
(1314),
(1315),
(1316),
(1317),
(1318),
(1319),
(1320),
(1321),
(1322),
(1323),
(1324),
(1325),
(1326),
(1327),
(1328),
(1329),
(1330),
(1331),
(1332),
(1333),
(1334),
(1335),
(1336),
(1337),
(1338),
(1339),
(1340),
(1341),
(1342),
(1343),
(1344),
(1345),
(1346),
(1347),
(1348),
(1349),
(1350),
(1351),
(1352),
(1353),
(1354),
(1355),
(1356),
(1357),
(1358),
(1359),
(1360),
(1361),
(1362),
(1363),
(1364),
(1365),
(1366),
(1367),
(1368),
(1369),
(1370),
(1371),
(1372),
(1373),
(1374),
(1375),
(1376),
(1377),
(1378),
(1379),
(1380),
(1381),
(1382),
(1383),
(1384),
(1385),
(1386),
(1387),
(1388),
(1389),
(1390),
(1391),
(1392),
(1393),
(1394),
(1395),
(1396),
(1397),
(1398),
(1399),
(1400),
(1401),
(1402),
(1403),
(1404),
(1405),
(1406),
(1407),
(1408),
(1409),
(1410),
(1411),
(1412),
(1413),
(1414),
(1415),
(1416),
(1417),
(1418),
(1419),
(1420),
(1421),
(1422),
(1423),
(1424),
(1425),
(1426),
(1427),
(1428),
(1429),
(1430),
(1431),
(1432),
(1433),
(1434),
(1435),
(1436),
(1437),
(1438),
(1439),
(1440),
(1441),
(1442),
(1443),
(1444),
(1445),
(1446),
(1447),
(1448),
(1449),
(1450),
(1451),
(1452),
(1453),
(1454),
(1455),
(1456),
(1457),
(1458),
(1459),
(1460),
(1461),
(1462),
(1463),
(1464),
(1465),
(1466),
(1467),
(1468),
(1469),
(1470),
(1471),
(1472),
(1473),
(1474),
(1475),
(1476),
(1477),
(1478),
(1479),
(1480),
(1481),
(1482),
(1483),
(1484),
(1485),
(1486),
(1487),
(1488),
(1489),
(1490),
(1491),
(1492),
(1493),
(1494),
(1495),
(1496),
(1497),
(1498),
(1499),
(1500)
ON CONFLICT (id) DO NOTHING;

-- Insert Income-specific records with payment method
INSERT INTO financialreport_income (id, paymentmethod) VALUES
(1001, 'Kartu Debit'),
(1002, 'Kartu Debit'),
(1003, 'E-Wallet'),
(1004, 'Transfer Bank'),
(1005, 'Cash'),
(1006, 'Transfer Bank'),
(1007, 'Cash'),
(1008, 'E-Wallet'),
(1009, 'Transfer Bank'),
(1010, 'Cash'),
(1011, 'Kartu Debit'),
(1012, 'Transfer Bank'),
(1013, 'Transfer Bank'),
(1014, 'E-Wallet'),
(1015, 'Kartu Debit'),
(1016, 'Cash'),
(1017, 'Cash'),
(1018, 'Kartu Debit'),
(1019, 'Kartu Kredit'),
(1020, 'Cash'),
(1021, 'Cash'),
(1022, 'E-Wallet'),
(1023, 'Kartu Debit'),
(1024, 'Cash'),
(1025, 'E-Wallet'),
(1026, 'Kartu Kredit'),
(1027, 'Kartu Debit'),
(1028, 'E-Wallet'),
(1029, 'E-Wallet'),
(1030, 'Kartu Kredit'),
(1031, 'Kartu Kredit'),
(1032, 'Cash'),
(1033, 'E-Wallet'),
(1034, 'Kartu Debit'),
(1035, 'Transfer Bank'),
(1036, 'Cash'),
(1037, 'Kartu Debit'),
(1038, 'Cash'),
(1039, 'Cash'),
(1040, 'Kartu Kredit'),
(1041, 'Kartu Debit'),
(1042, 'Kartu Kredit'),
(1043, 'E-Wallet'),
(1044, 'Transfer Bank'),
(1045, 'E-Wallet'),
(1046, 'Kartu Kredit'),
(1047, 'Cash'),
(1048, 'Transfer Bank'),
(1049, 'Transfer Bank'),
(1050, 'Kartu Debit'),
(1051, 'E-Wallet'),
(1052, 'Kartu Kredit'),
(1053, 'Kartu Debit'),
(1054, 'Transfer Bank'),
(1055, 'Cash'),
(1056, 'Cash'),
(1057, 'Kartu Kredit'),
(1058, 'Kartu Kredit'),
(1059, 'Kartu Kredit'),
(1060, 'Cash'),
(1061, 'Kartu Debit'),
(1062, 'Kartu Debit'),
(1063, 'Kartu Kredit'),
(1064, 'Cash'),
(1065, 'E-Wallet'),
(1066, 'E-Wallet'),
(1067, 'Cash'),
(1068, 'Kartu Debit'),
(1069, 'Transfer Bank'),
(1070, 'Kartu Debit'),
(1071, 'Kartu Kredit'),
(1072, 'Transfer Bank'),
(1073, 'Kartu Debit'),
(1074, 'Kartu Debit'),
(1075, 'Cash'),
(1076, 'Kartu Kredit'),
(1077, 'Cash'),
(1078, 'Kartu Kredit'),
(1079, 'Kartu Kredit'),
(1080, 'Kartu Debit'),
(1081, 'Kartu Kredit'),
(1082, 'E-Wallet'),
(1083, 'Transfer Bank'),
(1084, 'Kartu Debit'),
(1085, 'E-Wallet'),
(1086, 'Transfer Bank'),
(1087, 'Transfer Bank'),
(1088, 'Transfer Bank'),
(1089, 'Transfer Bank'),
(1090, 'Cash'),
(1091, 'Transfer Bank'),
(1092, 'E-Wallet'),
(1093, 'E-Wallet'),
(1094, 'Cash'),
(1095, 'Transfer Bank'),
(1096, 'Kartu Kredit'),
(1097, 'E-Wallet'),
(1098, 'Kartu Kredit'),
(1099, 'Cash'),
(1100, 'Transfer Bank'),
(1101, 'Kartu Kredit'),
(1102, 'E-Wallet'),
(1103, 'Transfer Bank'),
(1104, 'Cash'),
(1105, 'E-Wallet'),
(1106, 'E-Wallet'),
(1107, 'Cash'),
(1108, 'Kartu Kredit'),
(1109, 'Kartu Kredit'),
(1110, 'E-Wallet'),
(1111, 'Kartu Kredit'),
(1112, 'Cash'),
(1113, 'Transfer Bank'),
(1114, 'Kartu Kredit'),
(1115, 'Cash'),
(1116, 'E-Wallet'),
(1117, 'Transfer Bank'),
(1118, 'Kartu Debit'),
(1119, 'E-Wallet'),
(1120, 'Cash'),
(1121, 'Transfer Bank'),
(1122, 'Transfer Bank'),
(1123, 'Transfer Bank'),
(1124, 'Cash'),
(1125, 'Kartu Debit'),
(1126, 'E-Wallet'),
(1127, 'Cash'),
(1128, 'Kartu Kredit'),
(1129, 'Cash'),
(1130, 'Transfer Bank'),
(1131, 'Kartu Debit'),
(1132, 'Cash'),
(1133, 'Cash'),
(1134, 'Kartu Kredit'),
(1135, 'Kartu Debit'),
(1136, 'Transfer Bank'),
(1137, 'Kartu Debit'),
(1138, 'Kartu Debit'),
(1139, 'Kartu Kredit'),
(1140, 'E-Wallet'),
(1141, 'Transfer Bank'),
(1142, 'Kartu Kredit'),
(1143, 'Cash'),
(1144, 'Kartu Debit'),
(1145, 'Transfer Bank'),
(1146, 'Transfer Bank'),
(1147, 'Kartu Debit'),
(1148, 'Cash'),
(1149, 'Transfer Bank'),
(1150, 'E-Wallet'),
(1151, 'Kartu Debit'),
(1152, 'E-Wallet'),
(1153, 'Transfer Bank'),
(1154, 'E-Wallet'),
(1155, 'Cash'),
(1156, 'Kartu Kredit'),
(1157, 'Kartu Kredit'),
(1158, 'Transfer Bank'),
(1159, 'Cash'),
(1160, 'Kartu Debit'),
(1161, 'E-Wallet'),
(1162, 'Transfer Bank'),
(1163, 'Kartu Debit'),
(1164, 'Kartu Debit'),
(1165, 'Cash'),
(1166, 'Transfer Bank'),
(1167, 'Kartu Debit'),
(1168, 'Kartu Debit'),
(1169, 'E-Wallet'),
(1170, 'Transfer Bank'),
(1171, 'E-Wallet'),
(1172, 'Kartu Debit'),
(1173, 'Cash'),
(1174, 'Cash'),
(1175, 'E-Wallet'),
(1176, 'E-Wallet'),
(1177, 'E-Wallet'),
(1178, 'Transfer Bank'),
(1179, 'Cash'),
(1180, 'Transfer Bank'),
(1181, 'Cash'),
(1182, 'E-Wallet'),
(1183, 'Cash'),
(1184, 'Kartu Kredit'),
(1185, 'Kartu Debit'),
(1186, 'Cash'),
(1187, 'Kartu Debit'),
(1188, 'Kartu Debit'),
(1189, 'Kartu Debit'),
(1190, 'Transfer Bank'),
(1191, 'E-Wallet'),
(1192, 'Transfer Bank'),
(1193, 'Kartu Debit'),
(1194, 'Cash'),
(1195, 'Transfer Bank'),
(1196, 'Cash'),
(1197, 'E-Wallet'),
(1198, 'Cash'),
(1199, 'Transfer Bank'),
(1200, 'Transfer Bank'),
(1201, 'Kartu Debit'),
(1202, 'Transfer Bank'),
(1203, 'Cash'),
(1204, 'Kartu Kredit'),
(1205, 'Kartu Kredit'),
(1206, 'E-Wallet'),
(1207, 'E-Wallet'),
(1208, 'E-Wallet'),
(1209, 'Cash'),
(1210, 'Cash'),
(1211, 'Kartu Kredit'),
(1212, 'E-Wallet'),
(1213, 'Cash'),
(1214, 'Transfer Bank'),
(1215, 'Kartu Kredit'),
(1216, 'E-Wallet'),
(1217, 'Kartu Debit'),
(1218, 'Kartu Debit'),
(1219, 'Kartu Debit'),
(1220, 'E-Wallet'),
(1221, 'Kartu Debit'),
(1222, 'Cash'),
(1223, 'Cash'),
(1224, 'Kartu Kredit'),
(1225, 'Cash'),
(1226, 'Kartu Debit'),
(1227, 'E-Wallet'),
(1228, 'Cash'),
(1229, 'E-Wallet'),
(1230, 'E-Wallet'),
(1231, 'E-Wallet'),
(1232, 'E-Wallet'),
(1233, 'E-Wallet'),
(1234, 'Transfer Bank'),
(1235, 'Kartu Kredit'),
(1236, 'E-Wallet'),
(1237, 'Transfer Bank'),
(1238, 'Kartu Debit'),
(1239, 'E-Wallet'),
(1240, 'Transfer Bank'),
(1241, 'Kartu Debit'),
(1242, 'Kartu Debit'),
(1243, 'Transfer Bank'),
(1244, 'Kartu Kredit'),
(1245, 'Cash'),
(1246, 'Kartu Debit'),
(1247, 'Cash'),
(1248, 'Cash'),
(1249, 'Cash'),
(1250, 'Transfer Bank'),
(1251, 'Kartu Kredit'),
(1252, 'E-Wallet'),
(1253, 'Cash'),
(1254, 'Transfer Bank'),
(1255, 'Kartu Kredit'),
(1256, 'Kartu Kredit'),
(1257, 'E-Wallet'),
(1258, 'Cash'),
(1259, 'Kartu Kredit'),
(1260, 'Kartu Kredit'),
(1261, 'Transfer Bank'),
(1262, 'Transfer Bank'),
(1263, 'Cash'),
(1264, 'Kartu Debit'),
(1265, 'Transfer Bank'),
(1266, 'Transfer Bank'),
(1267, 'Kartu Debit'),
(1268, 'Kartu Kredit'),
(1269, 'Kartu Debit'),
(1270, 'Kartu Debit'),
(1271, 'Transfer Bank'),
(1272, 'E-Wallet'),
(1273, 'E-Wallet'),
(1274, 'E-Wallet'),
(1275, 'Kartu Kredit'),
(1276, 'E-Wallet'),
(1277, 'E-Wallet'),
(1278, 'E-Wallet'),
(1279, 'Cash'),
(1280, 'Kartu Kredit'),
(1281, 'Cash'),
(1282, 'Kartu Debit'),
(1283, 'Cash'),
(1284, 'Cash'),
(1285, 'Cash'),
(1286, 'Cash'),
(1287, 'Cash'),
(1288, 'Kartu Kredit'),
(1289, 'E-Wallet'),
(1290, 'E-Wallet'),
(1291, 'Kartu Kredit'),
(1292, 'Kartu Debit'),
(1293, 'E-Wallet'),
(1294, 'Kartu Debit'),
(1295, 'Kartu Kredit'),
(1296, 'Transfer Bank'),
(1297, 'E-Wallet'),
(1298, 'Kartu Kredit'),
(1299, 'Kartu Debit'),
(1300, 'Transfer Bank'),
(1301, 'E-Wallet'),
(1302, 'E-Wallet'),
(1303, 'Kartu Debit'),
(1304, 'E-Wallet'),
(1305, 'Transfer Bank'),
(1306, 'Transfer Bank'),
(1307, 'Kartu Kredit'),
(1308, 'E-Wallet'),
(1309, 'Transfer Bank'),
(1310, 'Transfer Bank'),
(1311, 'Kartu Kredit'),
(1312, 'Kartu Debit'),
(1313, 'Kartu Kredit'),
(1314, 'Kartu Kredit'),
(1315, 'Cash'),
(1316, 'E-Wallet'),
(1317, 'Kartu Kredit'),
(1318, 'Kartu Kredit'),
(1319, 'E-Wallet'),
(1320, 'Cash'),
(1321, 'Transfer Bank'),
(1322, 'Kartu Kredit'),
(1323, 'Kartu Kredit'),
(1324, 'Transfer Bank'),
(1325, 'Kartu Debit'),
(1326, 'Transfer Bank'),
(1327, 'Transfer Bank'),
(1328, 'Cash'),
(1329, 'Cash'),
(1330, 'E-Wallet'),
(1331, 'E-Wallet'),
(1332, 'E-Wallet'),
(1333, 'Kartu Kredit'),
(1334, 'Transfer Bank'),
(1335, 'Transfer Bank'),
(1336, 'Cash'),
(1337, 'Cash'),
(1338, 'Cash'),
(1339, 'Transfer Bank'),
(1340, 'Transfer Bank'),
(1341, 'Transfer Bank'),
(1342, 'Kartu Debit'),
(1343, 'Transfer Bank'),
(1344, 'Cash'),
(1345, 'Transfer Bank'),
(1346, 'Kartu Kredit'),
(1347, 'Kartu Debit'),
(1348, 'Cash'),
(1349, 'E-Wallet'),
(1350, 'Kartu Kredit'),
(1351, 'Cash'),
(1352, 'E-Wallet'),
(1353, 'Kartu Debit'),
(1354, 'Kartu Kredit'),
(1355, 'Kartu Kredit'),
(1356, 'Cash'),
(1357, 'Kartu Kredit'),
(1358, 'Kartu Kredit'),
(1359, 'Transfer Bank'),
(1360, 'Transfer Bank'),
(1361, 'Kartu Debit'),
(1362, 'Cash'),
(1363, 'Kartu Kredit'),
(1364, 'Transfer Bank'),
(1365, 'Kartu Debit'),
(1366, 'Cash'),
(1367, 'Kartu Kredit'),
(1368, 'E-Wallet'),
(1369, 'E-Wallet'),
(1370, 'Transfer Bank'),
(1371, 'E-Wallet'),
(1372, 'Kartu Kredit'),
(1373, 'Kartu Kredit'),
(1374, 'Cash'),
(1375, 'Cash'),
(1376, 'E-Wallet'),
(1377, 'Kartu Debit'),
(1378, 'Kartu Debit'),
(1379, 'E-Wallet'),
(1380, 'E-Wallet'),
(1381, 'Transfer Bank'),
(1382, 'Transfer Bank'),
(1383, 'Cash'),
(1384, 'E-Wallet'),
(1385, 'Kartu Debit'),
(1386, 'Cash'),
(1387, 'Transfer Bank'),
(1388, 'Kartu Kredit'),
(1389, 'Transfer Bank'),
(1390, 'Cash'),
(1391, 'Kartu Kredit'),
(1392, 'Kartu Debit'),
(1393, 'Transfer Bank'),
(1394, 'E-Wallet'),
(1395, 'Kartu Debit'),
(1396, 'Kartu Debit'),
(1397, 'Kartu Kredit'),
(1398, 'Kartu Kredit'),
(1399, 'Transfer Bank'),
(1400, 'Kartu Debit'),
(1401, 'E-Wallet'),
(1402, 'Cash'),
(1403, 'Kartu Debit'),
(1404, 'Kartu Debit'),
(1405, 'Transfer Bank'),
(1406, 'Transfer Bank'),
(1407, 'Kartu Kredit'),
(1408, 'Transfer Bank'),
(1409, 'Cash'),
(1410, 'Kartu Debit'),
(1411, 'Cash'),
(1412, 'Cash'),
(1413, 'Cash'),
(1414, 'Transfer Bank'),
(1415, 'E-Wallet'),
(1416, 'Kartu Debit'),
(1417, 'Transfer Bank'),
(1418, 'E-Wallet'),
(1419, 'Cash'),
(1420, 'Kartu Kredit'),
(1421, 'Kartu Debit'),
(1422, 'E-Wallet'),
(1423, 'Kartu Debit'),
(1424, 'Kartu Debit'),
(1425, 'Cash'),
(1426, 'Kartu Kredit'),
(1427, 'E-Wallet'),
(1428, 'Kartu Kredit'),
(1429, 'Kartu Kredit'),
(1430, 'Kartu Kredit'),
(1431, 'Kartu Kredit'),
(1432, 'Transfer Bank'),
(1433, 'Cash'),
(1434, 'Cash'),
(1435, 'Kartu Debit'),
(1436, 'Cash'),
(1437, 'Transfer Bank'),
(1438, 'Kartu Kredit'),
(1439, 'Kartu Debit'),
(1440, 'Cash'),
(1441, 'Transfer Bank'),
(1442, 'Transfer Bank'),
(1443, 'Kartu Debit'),
(1444, 'Transfer Bank'),
(1445, 'Kartu Debit'),
(1446, 'E-Wallet'),
(1447, 'E-Wallet'),
(1448, 'Kartu Debit'),
(1449, 'Kartu Debit'),
(1450, 'Kartu Kredit'),
(1451, 'Cash'),
(1452, 'Kartu Debit'),
(1453, 'Kartu Debit'),
(1454, 'Transfer Bank'),
(1455, 'Kartu Kredit'),
(1456, 'Kartu Debit'),
(1457, 'Kartu Kredit'),
(1458, 'Transfer Bank'),
(1459, 'Cash'),
(1460, 'Kartu Debit'),
(1461, 'Kartu Kredit'),
(1462, 'Transfer Bank'),
(1463, 'Kartu Debit'),
(1464, 'Kartu Debit'),
(1465, 'Kartu Kredit'),
(1466, 'Kartu Debit'),
(1467, 'Transfer Bank'),
(1468, 'Kartu Kredit'),
(1469, 'Kartu Kredit'),
(1470, 'E-Wallet'),
(1471, 'Cash'),
(1472, 'Kartu Kredit'),
(1473, 'Transfer Bank'),
(1474, 'Kartu Kredit'),
(1475, 'Kartu Kredit'),
(1476, 'Kartu Kredit'),
(1477, 'Cash'),
(1478, 'Kartu Kredit'),
(1479, 'Transfer Bank'),
(1480, 'E-Wallet'),
(1481, 'Kartu Debit'),
(1482, 'E-Wallet'),
(1483, 'Transfer Bank'),
(1484, 'Cash'),
(1485, 'Cash'),
(1486, 'Kartu Debit'),
(1487, 'E-Wallet'),
(1488, 'Transfer Bank'),
(1489, 'Cash'),
(1490, 'Transfer Bank'),
(1491, 'E-Wallet'),
(1492, 'Kartu Kredit'),
(1493, 'E-Wallet'),
(1494, 'Kartu Debit'),
(1495, 'Kartu Debit'),
(1496, 'Kartu Debit'),
(1497, 'Kartu Kredit'),
(1498, 'Kartu Debit'),
(1499, 'Kartu Debit'),
(1500, 'Kartu Kredit')
ON CONFLICT (id) DO NOTHING;

-- Update hibernate_sequence to avoid ID conflicts
SELECT setval('hibernate_sequence', 1601, true);

-- ========================================
-- Verification Query
-- ========================================
-- Run this to verify the data:
/*
SELECT 
  fr.id,
  fr.amount,
  fr.datestamp,
  fr.description,
  fi.paymentmethod,
  coa.name as account_name,
  p.name as program_name
FROM financialreport_comp fr
JOIN financialreport_income fi ON fr.id = fi.id
JOIN chartofaccount_impl coa ON fr.coa_id = coa.id
LEFT JOIN program_comp p ON fr.program_idprogram = p.idprogram
ORDER BY fr.datestamp DESC
LIMIT 20;
*/

SELECT COUNT(*) FROM financialreport_comp;
