-- ========================================
-- Seed Income Records for /call/income/list
-- Generated: 100 records
-- ========================================

-- Ensure Chart of Account records exist
INSERT INTO chartofaccount_comp (id) VALUES 
(401),
(402),
(403),
(404),
(405)
ON CONFLICT (id) DO NOTHING;

INSERT INTO chartofaccount_impl (id, code, name, description, isvisible) VALUES
(401, 4001, 'Sumbangan Donasi', 'Pendapatan dari donasi masyarakat', 'true'),
(402, 4002, 'Hibah', 'Pendapatan dari hibah institusi', 'true'),
(403, 4003, 'Jasa Layanan', 'Pendapatan dari jasa layanan', 'true'),
(404, 4004, 'Investasi', 'Pendapatan dari hasil investasi', 'true'),
(405, 4005, 'Lain-lain', 'Pendapatan lain-lain', 'true')
ON CONFLICT (id) DO NOTHING;

-- Ensure Program records exist (for foreign key references)
INSERT INTO program_comp (idprogram, name, description, executiondate, logourl, partner, target) VALUES
(0, 'Program Umum', 'Program kegiatan umum', '2024-01-01', 'https://example.com/logo0.png', 'Internal', 'Umum'),
(1, 'Program Pendidikan', 'Program bantuan pendidikan', '2024-01-15', 'https://example.com/logo1.png', 'Yayasan Pendidikan', 'Anak sekolah'),
(2, 'Program Kesehatan', 'Program kesehatan gratis', '2024-02-20', 'https://example.com/logo2.png', 'Klinik Sehat', 'Masyarakat umum')
ON CONFLICT (idprogram) DO NOTHING;

INSERT INTO program_activity (idprogram) VALUES
(0),
(1),
(2)
ON CONFLICT (idprogram) DO NOTHING;

-- Insert Financial Report Component records
INSERT INTO financialreport_comp (id, amount, datestamp, description, coa_id, program_idprogram) VALUES
(1001, 425911, '2025-06-10', 'Pendapatan dari event fundraising', 402, NULL),
(1002, 893814, '2025-03-16', 'Hasil investasi', 405, NULL),
(1003, 257888, '2025-05-25', 'Donasi perusahaan CSR', 402, NULL),
(1004, 266719, '2025-02-19', 'Hasil penjualan produk', 403, NULL),
(1005, 783907, '2025-04-19', 'Pendapatan dari event fundraising', 405, 1),
(1006, 769907, '2025-08-06', 'Pendapatan dari event fundraising', 404, NULL),
(1007, 959759, '2025-04-20', 'Pendapatan dari event fundraising', 405, NULL),
(1008, 620348, '2025-04-18', 'Hasil investasi', 401, 1),
(1009, 39921, '2025-03-15', 'Hasil penjualan produk', 403, NULL),
(1010, 833244, '2024-12-02', 'Hasil investasi', 401, NULL),
(1011, 254474, '2025-07-11', 'Pendapatan dari event fundraising', 402, 2),
(1012, 876052, '2025-06-22', 'Hasil investasi', 402, NULL),
(1013, 796872, '2025-08-03', 'Pendapatan dari event fundraising', 405, NULL),
(1014, 414159, '2024-12-18', 'Hasil penjualan produk', 404, 1),
(1015, 983258, '2024-12-20', 'Donasi dari masyarakat umum', 404, NULL),
(1016, 406639, '2025-07-09', 'Pendapatan jasa konsultasi', 401, NULL),
(1017, 975604, '2025-07-12', 'Donasi dari masyarakat umum', 402, 0),
(1018, 928658, '2025-08-31', 'Donasi anonymous', 402, NULL),
(1019, 6943, '2025-04-10', 'Pendapatan dari event fundraising', 405, NULL),
(1020, 520904, '2024-11-29', 'Hibah pemerintah', 401, 2),
(1021, 589359, '2025-04-03', 'Donasi perusahaan CSR', 402, 0),
(1022, 215664, '2025-05-04', 'Donasi anonymous', 405, 2),
(1023, 879589, '2025-07-28', 'Hibah pemerintah', 404, NULL),
(1024, 690663, '2025-01-22', 'Hasil investasi', 401, NULL),
(1025, 296326, '2025-04-10', 'Sumbangan untuk program pendidikan', 402, NULL),
(1026, 700788, '2025-01-18', 'Pendapatan dari event fundraising', 402, NULL),
(1027, 529732, '2025-08-08', 'Donasi anonymous', 405, 2),
(1028, 183527, '2025-01-09', 'Hibah pemerintah', 404, 2),
(1029, 100811, '2025-01-12', 'Sumbangan acara charity', 402, NULL),
(1030, 503305, '2025-02-16', 'Sumbangan acara charity', 404, NULL),
(1031, 235496, '2025-06-11', 'Hibah pemerintah', 405, NULL),
(1032, 76222, '2024-11-15', 'Donasi anonymous', 405, NULL),
(1033, 651856, '2025-08-20', 'Hibah pemerintah', 405, NULL),
(1034, 576238, '2025-06-05', 'Hibah pemerintah', 404, NULL),
(1035, 156916, '2025-08-08', 'Donasi anonymous', 405, NULL),
(1036, 308935, '2025-03-31', 'Donasi perusahaan CSR', 403, NULL),
(1037, 547484, '2025-10-23', 'Sumbangan acara charity', 403, NULL),
(1038, 421372, '2025-02-27', 'Donasi perusahaan CSR', 405, 1),
(1039, 316868, '2025-05-05', 'Donasi anonymous', 405, NULL),
(1040, 144639, '2025-05-27', 'Sumbangan untuk program pendidikan', 402, 2),
(1041, 501890, '2025-08-10', 'Sumbangan acara charity', 402, NULL),
(1042, 306901, '2025-06-25', 'Donasi perusahaan CSR', 405, NULL),
(1043, 527999, '2024-11-20', 'Donasi anonymous', 403, 2),
(1044, 81578, '2024-10-24', 'Donasi anonymous', 402, 0),
(1045, 725661, '2024-11-12', 'Pendapatan dari event fundraising', 402, 0),
(1046, 283308, '2025-09-19', 'Donasi perusahaan CSR', 404, 2),
(1047, 523821, '2025-05-05', 'Donasi anonymous', 405, NULL),
(1048, 237788, '2025-08-14', 'Donasi anonymous', 405, 2),
(1049, 864683, '2025-06-29', 'Hasil investasi', 403, 1),
(1050, 69226, '2025-05-04', 'Sumbangan acara charity', 402, NULL),
(1051, 760848, '2024-11-03', 'Donasi perusahaan CSR', 405, 0),
(1052, 763221, '2025-08-23', 'Hasil investasi', 404, NULL),
(1053, 93968, '2025-04-21', 'Pendapatan dari event fundraising', 401, NULL),
(1054, 865829, '2024-10-24', 'Donasi perusahaan CSR', 404, 0),
(1055, 545565, '2025-10-15', 'Hasil investasi', 403, NULL),
(1056, 217123, '2025-08-28', 'Hibah pemerintah', 402, 1),
(1057, 65338, '2024-12-22', 'Donasi dari masyarakat umum', 402, NULL),
(1058, 900002, '2025-08-08', 'Hasil penjualan produk', 404, 1),
(1059, 381633, '2024-11-11', 'Donasi dari masyarakat umum', 402, NULL),
(1060, 366092, '2025-08-28', 'Hasil investasi', 404, NULL),
(1061, 989859, '2025-01-11', 'Sumbangan acara charity', 404, NULL),
(1062, 349255, '2025-05-21', 'Donasi dari masyarakat umum', 404, NULL),
(1063, 220794, '2025-02-02', 'Sumbangan untuk program pendidikan', 405, NULL),
(1064, 103017, '2025-09-17', 'Pendapatan jasa konsultasi', 402, NULL),
(1065, 893894, '2025-05-20', 'Pendapatan dari event fundraising', 403, NULL),
(1066, 628028, '2025-08-06', 'Donasi anonymous', 404, NULL),
(1067, 168512, '2025-06-27', 'Hasil investasi', 401, NULL),
(1068, 318270, '2024-12-16', 'Donasi anonymous', 403, NULL),
(1069, 649922, '2025-02-07', 'Hibah pemerintah', 403, NULL),
(1070, 20144, '2025-06-04', 'Hasil investasi', 403, NULL),
(1071, 727011, '2025-08-13', 'Pendapatan jasa konsultasi', 403, NULL),
(1072, 492961, '2025-01-08', 'Sumbangan untuk program pendidikan', 401, NULL),
(1073, 400694, '2025-05-31', 'Hibah pemerintah', 403, 0),
(1074, 282041, '2025-02-18', 'Hasil penjualan produk', 405, NULL),
(1075, 827707, '2025-10-16', 'Donasi perusahaan CSR', 403, NULL),
(1076, 841325, '2025-05-28', 'Sumbangan acara charity', 405, 2),
(1077, 544144, '2025-04-11', 'Hibah pemerintah', 402, 2),
(1078, 384811, '2025-10-08', 'Sumbangan untuk program pendidikan', 402, NULL),
(1079, 965951, '2025-09-09', 'Sumbangan untuk program pendidikan', 405, 1),
(1080, 267575, '2025-08-17', 'Sumbangan untuk program pendidikan', 403, 0),
(1081, 763795, '2025-07-19', 'Sumbangan untuk program pendidikan', 401, 0),
(1082, 758936, '2025-07-07', 'Hasil penjualan produk', 402, NULL),
(1083, 71161, '2025-10-04', 'Hasil penjualan produk', 401, 1),
(1084, 926807, '2025-02-14', 'Hasil penjualan produk', 401, 1),
(1085, 422173, '2025-07-26', 'Donasi dari masyarakat umum', 405, NULL),
(1086, 215234, '2025-01-28', 'Sumbangan untuk program pendidikan', 403, NULL),
(1087, 602848, '2025-09-19', 'Donasi dari masyarakat umum', 403, 0),
(1088, 732786, '2025-04-16', 'Hasil investasi', 403, NULL),
(1089, 426161, '2025-01-16', 'Donasi anonymous', 402, 2),
(1090, 324853, '2024-11-30', 'Donasi perusahaan CSR', 402, NULL),
(1091, 39068, '2025-07-30', 'Donasi dari masyarakat umum', 405, NULL),
(1092, 457069, '2025-07-24', 'Donasi perusahaan CSR', 401, NULL),
(1093, 248185, '2025-02-27', 'Sumbangan acara charity', 405, 0),
(1094, 401470, '2025-09-19', 'Pendapatan dari event fundraising', 404, NULL),
(1095, 62353, '2025-01-01', 'Donasi dari masyarakat umum', 404, NULL),
(1096, 695394, '2024-12-23', 'Sumbangan untuk program pendidikan', 404, NULL),
(1097, 408205, '2024-12-02', 'Pendapatan dari event fundraising', 405, NULL),
(1098, 626655, '2025-08-12', 'Hibah pemerintah', 402, NULL),
(1099, 662117, '2025-10-06', 'Donasi perusahaan CSR', 402, NULL),
(1100, 5800, '2025-04-26', 'Donasi anonymous', 403, 1)
ON CONFLICT (id) DO NOTHING;

-- Insert Financial Report Implementation records
INSERT INTO financialreport_impl (id) VALUES
(1001),
(1002),
(1003),
(1004),
(1005),
(1006),
(1007),
(1008),
(1009),
(1010),
(1011),
(1012),
(1013),
(1014),
(1015),
(1016),
(1017),
(1018),
(1019),
(1020),
(1021),
(1022),
(1023),
(1024),
(1025),
(1026),
(1027),
(1028),
(1029),
(1030),
(1031),
(1032),
(1033),
(1034),
(1035),
(1036),
(1037),
(1038),
(1039),
(1040),
(1041),
(1042),
(1043),
(1044),
(1045),
(1046),
(1047),
(1048),
(1049),
(1050),
(1051),
(1052),
(1053),
(1054),
(1055),
(1056),
(1057),
(1058),
(1059),
(1060),
(1061),
(1062),
(1063),
(1064),
(1065),
(1066),
(1067),
(1068),
(1069),
(1070),
(1071),
(1072),
(1073),
(1074),
(1075),
(1076),
(1077),
(1078),
(1079),
(1080),
(1081),
(1082),
(1083),
(1084),
(1085),
(1086),
(1087),
(1088),
(1089),
(1090),
(1091),
(1092),
(1093),
(1094),
(1095),
(1096),
(1097),
(1098),
(1099),
(1100)
ON CONFLICT (id) DO NOTHING;

-- Insert Income-specific records with payment method
INSERT INTO financialreport_income (id, paymentmethod) VALUES
(1001, 'Kartu Debit'),
(1002, 'Kartu Kredit'),
(1003, 'Cash'),
(1004, 'Kartu Debit'),
(1005, 'Transfer Bank'),
(1006, 'Kartu Kredit'),
(1007, 'Cash'),
(1008, 'Kartu Kredit'),
(1009, 'Transfer Bank'),
(1010, 'E-Wallet'),
(1011, 'Cash'),
(1012, 'Kartu Debit'),
(1013, 'Cash'),
(1014, 'E-Wallet'),
(1015, 'E-Wallet'),
(1016, 'Transfer Bank'),
(1017, 'E-Wallet'),
(1018, 'Kartu Debit'),
(1019, 'Kartu Debit'),
(1020, 'Kartu Kredit'),
(1021, 'Kartu Debit'),
(1022, 'Cash'),
(1023, 'Kartu Debit'),
(1024, 'Kartu Kredit'),
(1025, 'Kartu Debit'),
(1026, 'E-Wallet'),
(1027, 'Transfer Bank'),
(1028, 'Cash'),
(1029, 'Transfer Bank'),
(1030, 'Kartu Kredit'),
(1031, 'Cash'),
(1032, 'Kartu Kredit'),
(1033, 'Kartu Debit'),
(1034, 'E-Wallet'),
(1035, 'Cash'),
(1036, 'Kartu Kredit'),
(1037, 'Cash'),
(1038, 'Transfer Bank'),
(1039, 'Kartu Debit'),
(1040, 'Cash'),
(1041, 'Cash'),
(1042, 'Cash'),
(1043, 'Kartu Debit'),
(1044, 'Cash'),
(1045, 'Cash'),
(1046, 'Transfer Bank'),
(1047, 'E-Wallet'),
(1048, 'E-Wallet'),
(1049, 'E-Wallet'),
(1050, 'Kartu Debit'),
(1051, 'Kartu Debit'),
(1052, 'Transfer Bank'),
(1053, 'Kartu Debit'),
(1054, 'Kartu Kredit'),
(1055, 'Kartu Kredit'),
(1056, 'Kartu Kredit'),
(1057, 'E-Wallet'),
(1058, 'E-Wallet'),
(1059, 'Kartu Debit'),
(1060, 'Transfer Bank'),
(1061, 'Kartu Kredit'),
(1062, 'Kartu Debit'),
(1063, 'Kartu Debit'),
(1064, 'Kartu Kredit'),
(1065, 'Cash'),
(1066, 'Kartu Kredit'),
(1067, 'Transfer Bank'),
(1068, 'Transfer Bank'),
(1069, 'Kartu Debit'),
(1070, 'Kartu Debit'),
(1071, 'Cash'),
(1072, 'Kartu Debit'),
(1073, 'Kartu Debit'),
(1074, 'Cash'),
(1075, 'Kartu Debit'),
(1076, 'Cash'),
(1077, 'Transfer Bank'),
(1078, 'Kartu Kredit'),
(1079, 'Cash'),
(1080, 'Kartu Debit'),
(1081, 'Cash'),
(1082, 'Transfer Bank'),
(1083, 'Kartu Debit'),
(1084, 'Transfer Bank'),
(1085, 'Transfer Bank'),
(1086, 'Cash'),
(1087, 'E-Wallet'),
(1088, 'Kartu Kredit'),
(1089, 'Cash'),
(1090, 'Transfer Bank'),
(1091, 'Transfer Bank'),
(1092, 'Transfer Bank'),
(1093, 'E-Wallet'),
(1094, 'Transfer Bank'),
(1095, 'Kartu Kredit'),
(1096, 'Kartu Debit'),
(1097, 'E-Wallet'),
(1098, 'Cash'),
(1099, 'Transfer Bank'),
(1100, 'Kartu Debit')
ON CONFLICT (id) DO NOTHING;

-- Update hibernate_sequence to avoid ID conflicts
SELECT setval('hibernate_sequence', 1201, true);

-- ========================================
-- Verification Query
-- ========================================
-- Run this to verify the data:
/*
SELECT 
  fr.id,
  fr.amount,
  fr.datestamp,
  fr.description,
  fi.paymentmethod,
  coa.name as account_name,
  p.name as program_name
FROM financialreport_comp fr
JOIN financialreport_income fi ON fr.id = fi.id
JOIN chartofaccount_impl coa ON fr.coa_id = coa.id
LEFT JOIN program_comp p ON fr.program_idprogram = p.idprogram
ORDER BY fr.datestamp DESC
LIMIT 20;
*/

SELECT COUNT(*) FROM financialreport_comp;