-- ========================================
-- Seed Income Records for /call/income/list
-- Generated: 1000 records
-- ========================================

-- Ensure Chart of Account records exist
INSERT INTO chartofaccount_comp (id) VALUES 
(401),
(402),
(403),
(404),
(405)
ON CONFLICT (id) DO NOTHING;

INSERT INTO chartofaccount_impl (id, code, name, description, isvisible) VALUES
(401, 4001, 'Sumbangan Donasi', 'Pendapatan dari donasi masyarakat', 'true'),
(402, 4002, 'Hibah', 'Pendapatan dari hibah institusi', 'true'),
(403, 4003, 'Jasa Layanan', 'Pendapatan dari jasa layanan', 'true'),
(404, 4004, 'Investasi', 'Pendapatan dari hasil investasi', 'true'),
(405, 4005, 'Lain-lain', 'Pendapatan lain-lain', 'true')
ON CONFLICT (id) DO NOTHING;

-- Ensure Program records exist (for foreign key references)
INSERT INTO program_comp (idprogram, name, description, executiondate, logourl, partner, target) VALUES
(0, 'Program Umum', 'Program kegiatan umum', '2024-01-01', 'https://example.com/logo0.png', 'Internal', 'Umum'),
(1, 'Program Pendidikan', 'Program bantuan pendidikan', '2024-01-15', 'https://example.com/logo1.png', 'Yayasan Pendidikan', 'Anak sekolah'),
(2, 'Program Kesehatan', 'Program kesehatan gratis', '2024-02-20', 'https://example.com/logo2.png', 'Klinik Sehat', 'Masyarakat umum')
ON CONFLICT (idprogram) DO NOTHING;

INSERT INTO program_activity (idprogram) VALUES
(0),
(1),
(2)
ON CONFLICT (idprogram) DO NOTHING;

-- Insert Financial Report Component records
INSERT INTO financialreport_comp (id, amount, datestamp, description, coa_id, program_idprogram) VALUES
(1001, 974563, '2025-08-05', 'Hibah pemerintah', 405, NULL),
(1002, 640119, '2025-07-15', 'Hasil penjualan produk', 403, NULL),
(1003, 144085, '2025-07-16', 'Donasi dari masyarakat umum', 402, NULL),
(1004, 398657, '2024-11-26', 'Hasil penjualan produk', 405, 2),
(1005, 226571, '2025-02-14', 'Hasil investasi', 404, NULL),
(1006, 983330, '2024-12-16', 'Donasi perusahaan CSR', 403, NULL),
(1007, 434165, '2024-12-14', 'Donasi anonymous', 401, 0),
(1008, 687024, '2025-06-20', 'Donasi dari masyarakat umum', 405, NULL),
(1009, 61977, '2025-09-14', 'Donasi dari masyarakat umum', 404, 0),
(1010, 490874, '2024-11-28', 'Pendapatan jasa konsultasi', 402, NULL),
(1011, 274413, '2025-08-01', 'Sumbangan untuk program pendidikan', 404, NULL),
(1012, 447890, '2024-12-08', 'Hibah pemerintah', 402, NULL),
(1013, 694170, '2025-09-08', 'Donasi anonymous', 402, 2),
(1014, 733702, '2025-02-16', 'Donasi dari masyarakat umum', 404, NULL),
(1015, 334814, '2025-08-11', 'Sumbangan acara charity', 401, 2),
(1016, 778221, '2024-10-24', 'Hasil investasi', 402, NULL),
(1017, 146880, '2025-03-10', 'Hibah pemerintah', 405, NULL),
(1018, 948079, '2025-02-10', 'Sumbangan acara charity', 402, NULL),
(1019, 210692, '2025-08-21', 'Donasi dari masyarakat umum', 405, 0),
(1020, 869010, '2024-12-14', 'Pendapatan jasa konsultasi', 405, NULL),
(1021, 543523, '2025-07-17', 'Donasi anonymous', 404, NULL),
(1022, 343490, '2024-12-02', 'Donasi dari masyarakat umum', 401, NULL),
(1023, 466311, '2025-05-14', 'Donasi anonymous', 404, NULL),
(1024, 883355, '2024-10-29', 'Pendapatan jasa konsultasi', 403, NULL),
(1025, 453910, '2025-05-10', 'Sumbangan acara charity', 402, NULL),
(1026, 519209, '2025-09-13', 'Hasil penjualan produk', 402, NULL),
(1027, 349428, '2024-12-14', 'Sumbangan untuk program pendidikan', 401, 0),
(1028, 322415, '2025-02-26', 'Pendapatan dari event fundraising', 403, 0),
(1029, 778952, '2025-09-16', 'Hasil investasi', 403, NULL),
(1030, 620286, '2025-10-15', 'Hibah pemerintah', 401, 2),
(1031, 498357, '2025-01-12', 'Pendapatan jasa konsultasi', 403, 2),
(1032, 738369, '2024-12-29', 'Pendapatan jasa konsultasi', 405, NULL),
(1033, 255824, '2025-10-13', 'Hasil investasi', 405, NULL),
(1034, 94801, '2025-04-20', 'Sumbangan acara charity', 404, 0),
(1035, 334430, '2025-03-13', 'Pendapatan dari event fundraising', 404, NULL),
(1036, 505793, '2025-01-22', 'Donasi perusahaan CSR', 405, 1),
(1037, 204921, '2025-01-24', 'Sumbangan untuk program pendidikan', 401, 0),
(1038, 901104, '2024-11-03', 'Donasi perusahaan CSR', 405, NULL),
(1039, 338815, '2024-10-30', 'Sumbangan acara charity', 404, 0),
(1040, 854142, '2025-03-26', 'Pendapatan jasa konsultasi', 402, NULL),
(1041, 971985, '2025-05-25', 'Pendapatan jasa konsultasi', 403, NULL),
(1042, 416267, '2025-01-10', 'Sumbangan untuk program pendidikan', 401, NULL),
(1043, 358381, '2025-04-27', 'Sumbangan untuk program pendidikan', 404, NULL),
(1044, 189784, '2025-09-02', 'Sumbangan untuk program pendidikan', 401, NULL),
(1045, 369143, '2025-08-27', 'Hasil investasi', 405, NULL),
(1046, 682113, '2024-11-07', 'Pendapatan jasa konsultasi', 403, 0),
(1047, 478193, '2024-12-10', 'Hasil investasi', 401, 2),
(1048, 429642, '2025-03-26', 'Pendapatan jasa konsultasi', 402, NULL),
(1049, 404211, '2025-09-04', 'Hasil penjualan produk', 405, NULL),
(1050, 375678, '2025-04-26', 'Hasil investasi', 402, 0),
(1051, 327931, '2025-09-29', 'Donasi dari masyarakat umum', 403, 1),
(1052, 512405, '2024-12-01', 'Pendapatan jasa konsultasi', 404, NULL),
(1053, 211554, '2025-10-08', 'Pendapatan dari event fundraising', 402, 1),
(1054, 224877, '2024-11-14', 'Hibah pemerintah', 402, NULL),
(1055, 439173, '2025-08-26', 'Donasi dari masyarakat umum', 404, NULL),
(1056, 852014, '2024-10-30', 'Hasil investasi', 401, 1),
(1057, 403531, '2025-04-19', 'Hibah pemerintah', 402, 2),
(1058, 362978, '2025-05-22', 'Hasil investasi', 403, NULL),
(1059, 570093, '2025-03-28', 'Hibah pemerintah', 404, NULL),
(1060, 335919, '2025-02-11', 'Sumbangan untuk program pendidikan', 404, NULL),
(1061, 814091, '2024-11-30', 'Donasi dari masyarakat umum', 401, NULL),
(1062, 696087, '2025-09-21', 'Donasi perusahaan CSR', 405, NULL),
(1063, 331754, '2025-08-30', 'Hasil penjualan produk', 404, NULL),
(1064, 921335, '2025-10-06', 'Pendapatan jasa konsultasi', 402, NULL),
(1065, 534595, '2025-09-02', 'Sumbangan untuk program pendidikan', 405, NULL),
(1066, 227292, '2024-12-20', 'Donasi anonymous', 401, NULL),
(1067, 352224, '2025-01-17', 'Sumbangan acara charity', 402, NULL),
(1068, 518536, '2025-10-11', 'Hasil penjualan produk', 403, 2),
(1069, 245020, '2024-12-23', 'Hasil penjualan produk', 403, NULL),
(1070, 545978, '2025-09-03', 'Sumbangan untuk program pendidikan', 404, NULL),
(1071, 235421, '2025-04-02', 'Donasi dari masyarakat umum', 403, NULL),
(1072, 388433, '2025-07-03', 'Pendapatan dari event fundraising', 403, NULL),
(1073, 855984, '2025-06-22', 'Hibah pemerintah', 403, NULL),
(1074, 139964, '2025-07-25', 'Hibah pemerintah', 401, NULL),
(1075, 76079, '2025-02-11', 'Sumbangan acara charity', 403, NULL),
(1076, 83088, '2025-10-19', 'Sumbangan acara charity', 402, 1),
(1077, 348514, '2025-06-19', 'Sumbangan untuk program pendidikan', 405, NULL),
(1078, 817373, '2025-05-21', 'Sumbangan untuk program pendidikan', 405, 1),
(1079, 623087, '2025-09-17', 'Donasi dari masyarakat umum', 401, 1),
(1080, 501814, '2025-02-23', 'Sumbangan untuk program pendidikan', 405, NULL),
(1081, 166580, '2025-05-18', 'Donasi dari masyarakat umum', 401, NULL),
(1082, 368147, '2024-10-30', 'Hibah pemerintah', 405, NULL),
(1083, 341929, '2025-09-22', 'Donasi perusahaan CSR', 401, NULL),
(1084, 360682, '2025-10-14', 'Pendapatan jasa konsultasi', 404, NULL),
(1085, 434738, '2025-10-12', 'Donasi dari masyarakat umum', 404, NULL),
(1086, 338816, '2025-07-12', 'Pendapatan jasa konsultasi', 404, 0),
(1087, 361867, '2025-10-16', 'Sumbangan acara charity', 405, NULL),
(1088, 719670, '2024-11-03', 'Donasi dari masyarakat umum', 401, 2),
(1089, 408301, '2025-06-19', 'Sumbangan untuk program pendidikan', 404, NULL),
(1090, 205181, '2025-08-28', 'Hibah pemerintah', 405, NULL),
(1091, 846066, '2025-08-08', 'Hasil investasi', 403, NULL),
(1092, 848454, '2025-07-31', 'Hasil investasi', 405, NULL),
(1093, 454468, '2025-03-07', 'Donasi anonymous', 405, 2),
(1094, 366632, '2025-03-07', 'Sumbangan untuk program pendidikan', 404, 2),
(1095, 842127, '2025-08-31', 'Hasil penjualan produk', 404, NULL),
(1096, 592978, '2024-12-13', 'Hasil investasi', 405, NULL),
(1097, 731552, '2025-04-09', 'Pendapatan dari event fundraising', 401, 0),
(1098, 884819, '2024-11-26', 'Sumbangan untuk program pendidikan', 402, NULL),
(1099, 641525, '2025-04-11', 'Hasil investasi', 401, NULL),
(1100, 98762, '2025-03-11', 'Hasil penjualan produk', 401, NULL),
(1101, 484822, '2025-02-03', 'Donasi dari masyarakat umum', 403, NULL),
(1102, 142161, '2025-08-17', 'Pendapatan dari event fundraising', 401, 2),
(1103, 73800, '2025-05-14', 'Hasil investasi', 405, NULL),
(1104, 673361, '2024-10-31', 'Hasil investasi', 404, NULL),
(1105, 237577, '2025-07-11', 'Hasil investasi', 405, 2),
(1106, 585745, '2025-01-31', 'Donasi perusahaan CSR', 405, NULL),
(1107, 106767, '2025-09-06', 'Hasil investasi', 405, NULL),
(1108, 647991, '2025-05-12', 'Donasi dari masyarakat umum', 404, 2),
(1109, 507944, '2025-08-18', 'Hasil penjualan produk', 405, NULL),
(1110, 562654, '2025-06-29', 'Sumbangan acara charity', 402, NULL),
(1111, 97778, '2025-03-08', 'Sumbangan untuk program pendidikan', 405, 2),
(1112, 740910, '2025-03-20', 'Hasil penjualan produk', 402, NULL),
(1113, 866444, '2025-05-04', 'Sumbangan untuk program pendidikan', 404, NULL),
(1114, 624286, '2025-03-13', 'Donasi dari masyarakat umum', 402, NULL),
(1115, 675380, '2025-08-15', 'Hasil penjualan produk', 404, 0),
(1116, 313206, '2025-05-12', 'Hasil investasi', 403, NULL),
(1117, 315473, '2025-09-09', 'Sumbangan untuk program pendidikan', 405, 1),
(1118, 710961, '2025-08-15', 'Donasi anonymous', 402, 1),
(1119, 628498, '2025-07-16', 'Hibah pemerintah', 404, 2),
(1120, 355770, '2025-05-19', 'Donasi anonymous', 403, NULL),
(1121, 309890, '2024-11-06', 'Donasi dari masyarakat umum', 401, NULL),
(1122, 769572, '2025-07-03', 'Donasi perusahaan CSR', 402, 2),
(1123, 919934, '2025-09-20', 'Hasil investasi', 403, NULL),
(1124, 851448, '2025-04-04', 'Donasi anonymous', 401, NULL),
(1125, 403162, '2025-03-29', 'Donasi perusahaan CSR', 401, NULL),
(1126, 96115, '2025-06-22', 'Hasil investasi', 404, 2),
(1127, 155901, '2025-06-08', 'Hasil investasi', 401, NULL),
(1128, 687074, '2024-11-05', 'Sumbangan acara charity', 403, NULL),
(1129, 3833, '2025-04-13', 'Donasi dari masyarakat umum', 405, NULL),
(1130, 863727, '2025-07-15', 'Hasil investasi', 405, NULL),
(1131, 146369, '2025-08-03', 'Hasil penjualan produk', 404, NULL),
(1132, 507000, '2025-02-28', 'Sumbangan untuk program pendidikan', 405, NULL),
(1133, 429027, '2025-10-03', 'Donasi dari masyarakat umum', 405, NULL),
(1134, 864770, '2024-12-03', 'Pendapatan jasa konsultasi', 405, NULL),
(1135, 595251, '2025-02-15', 'Sumbangan acara charity', 403, 1),
(1136, 309474, '2025-03-15', 'Sumbangan untuk program pendidikan', 405, NULL),
(1137, 226870, '2025-06-05', 'Sumbangan acara charity', 404, NULL),
(1138, 685511, '2025-01-19', 'Donasi anonymous', 404, NULL),
(1139, 243722, '2025-01-06', 'Donasi perusahaan CSR', 403, NULL),
(1140, 413712, '2025-04-30', 'Donasi dari masyarakat umum', 402, 0),
(1141, 56262, '2025-08-21', 'Pendapatan jasa konsultasi', 405, 0),
(1142, 179512, '2025-03-19', 'Hasil investasi', 401, 0),
(1143, 822365, '2024-11-22', 'Donasi dari masyarakat umum', 405, NULL),
(1144, 882135, '2025-10-15', 'Donasi perusahaan CSR', 403, 1),
(1145, 95336, '2025-04-28', 'Donasi perusahaan CSR', 404, NULL),
(1146, 126166, '2025-06-15', 'Donasi dari masyarakat umum', 405, NULL),
(1147, 483996, '2025-03-28', 'Hasil investasi', 404, 0),
(1148, 835672, '2025-02-17', 'Donasi perusahaan CSR', 403, 0),
(1149, 18723, '2025-03-30', 'Pendapatan jasa konsultasi', 405, 0),
(1150, 486656, '2025-06-02', 'Pendapatan jasa konsultasi', 401, NULL),
(1151, 815191, '2025-10-09', 'Donasi perusahaan CSR', 402, 2),
(1152, 84654, '2025-10-19', 'Donasi perusahaan CSR', 405, 1),
(1153, 626129, '2024-12-01', 'Pendapatan dari event fundraising', 405, NULL),
(1154, 600925, '2025-08-25', 'Sumbangan acara charity', 405, NULL),
(1155, 96983, '2024-11-12', 'Pendapatan dari event fundraising', 404, NULL),
(1156, 194033, '2024-11-25', 'Pendapatan dari event fundraising', 403, NULL),
(1157, 191741, '2025-07-08', 'Pendapatan dari event fundraising', 404, NULL),
(1158, 19726, '2025-04-18', 'Donasi anonymous', 402, NULL),
(1159, 4511, '2025-06-05', 'Sumbangan untuk program pendidikan', 401, NULL),
(1160, 264175, '2025-01-29', 'Donasi anonymous', 403, NULL),
(1161, 871196, '2025-02-01', 'Donasi dari masyarakat umum', 402, 2),
(1162, 294208, '2025-09-24', 'Donasi dari masyarakat umum', 402, NULL),
(1163, 75066, '2025-09-06', 'Hasil investasi', 403, NULL),
(1164, 965872, '2025-02-03', 'Donasi anonymous', 405, NULL),
(1165, 566372, '2025-03-23', 'Donasi anonymous', 401, 0),
(1166, 46603, '2025-03-13', 'Hibah pemerintah', 404, NULL),
(1167, 973274, '2024-11-24', 'Hasil investasi', 404, NULL),
(1168, 705059, '2025-05-29', 'Donasi anonymous', 404, NULL),
(1169, 947653, '2024-12-19', 'Pendapatan dari event fundraising', 404, NULL),
(1170, 745092, '2025-07-24', 'Pendapatan jasa konsultasi', 405, NULL),
(1171, 552931, '2025-05-12', 'Sumbangan acara charity', 405, NULL),
(1172, 380380, '2025-07-02', 'Sumbangan acara charity', 402, 0),
(1173, 997189, '2024-11-27', 'Hasil penjualan produk', 403, 0),
(1174, 547250, '2025-07-07', 'Donasi dari masyarakat umum', 405, 1),
(1175, 963944, '2024-11-26', 'Donasi dari masyarakat umum', 401, NULL),
(1176, 870972, '2025-04-02', 'Hasil penjualan produk', 402, 1),
(1177, 509478, '2025-07-10', 'Hasil investasi', 404, NULL),
(1178, 598984, '2025-10-23', 'Sumbangan untuk program pendidikan', 403, NULL),
(1179, 592482, '2025-04-23', 'Hasil investasi', 403, NULL),
(1180, 48945, '2025-07-22', 'Sumbangan acara charity', 401, NULL),
(1181, 646880, '2024-12-16', 'Donasi perusahaan CSR', 401, NULL),
(1182, 706449, '2025-02-06', 'Pendapatan jasa konsultasi', 403, NULL),
(1183, 835894, '2025-07-02', 'Hasil penjualan produk', 403, NULL),
(1184, 36244, '2025-06-18', 'Hasil investasi', 403, NULL),
(1185, 604889, '2024-12-27', 'Donasi dari masyarakat umum', 402, 2),
(1186, 785934, '2024-12-11', 'Donasi perusahaan CSR', 404, 0),
(1187, 468426, '2025-03-19', 'Hibah pemerintah', 402, NULL),
(1188, 320457, '2025-06-22', 'Donasi dari masyarakat umum', 405, NULL),
(1189, 249755, '2025-01-05', 'Donasi dari masyarakat umum', 405, NULL),
(1190, 175154, '2025-07-31', 'Donasi dari masyarakat umum', 404, 1),
(1191, 62845, '2025-06-22', 'Donasi dari masyarakat umum', 404, 1),
(1192, 749052, '2025-07-11', 'Donasi perusahaan CSR', 402, NULL),
(1193, 208954, '2025-03-26', 'Donasi perusahaan CSR', 405, NULL),
(1194, 767337, '2025-07-17', 'Hasil penjualan produk', 405, 1),
(1195, 282019, '2024-12-24', 'Pendapatan jasa konsultasi', 403, 0),
(1196, 497180, '2025-04-13', 'Hibah pemerintah', 404, 0),
(1197, 872920, '2025-05-13', 'Sumbangan acara charity', 402, NULL),
(1198, 966517, '2024-12-04', 'Donasi perusahaan CSR', 401, 2),
(1199, 849919, '2025-02-13', 'Sumbangan untuk program pendidikan', 402, 1),
(1200, 540071, '2025-01-23', 'Hasil investasi', 402, 1),
(1201, 780582, '2024-11-04', 'Pendapatan jasa konsultasi', 404, NULL),
(1202, 535509, '2024-11-09', 'Sumbangan untuk program pendidikan', 404, NULL),
(1203, 897682, '2025-09-23', 'Donasi perusahaan CSR', 401, NULL),
(1204, 577957, '2025-01-16', 'Pendapatan dari event fundraising', 401, NULL),
(1205, 950374, '2025-06-12', 'Pendapatan dari event fundraising', 404, NULL),
(1206, 309524, '2025-03-04', 'Sumbangan acara charity', 401, NULL),
(1207, 402138, '2025-07-13', 'Sumbangan untuk program pendidikan', 405, 1),
(1208, 181385, '2024-12-11', 'Hibah pemerintah', 402, NULL),
(1209, 638815, '2025-05-11', 'Sumbangan acara charity', 401, NULL),
(1210, 220236, '2025-02-28', 'Pendapatan jasa konsultasi', 401, 1),
(1211, 842329, '2025-03-24', 'Pendapatan jasa konsultasi', 404, NULL),
(1212, 178433, '2025-03-26', 'Donasi perusahaan CSR', 405, NULL),
(1213, 232180, '2025-08-31', 'Donasi anonymous', 404, NULL),
(1214, 907426, '2025-06-07', 'Sumbangan acara charity', 403, NULL),
(1215, 889288, '2025-05-01', 'Hibah pemerintah', 405, NULL),
(1216, 973443, '2025-05-09', 'Hasil investasi', 402, 2),
(1217, 761575, '2025-09-08', 'Sumbangan acara charity', 401, 2),
(1218, 315092, '2025-04-02', 'Sumbangan acara charity', 405, 0),
(1219, 477503, '2025-02-22', 'Donasi dari masyarakat umum', 402, NULL),
(1220, 2977, '2025-03-05', 'Donasi dari masyarakat umum', 403, NULL),
(1221, 742330, '2025-06-20', 'Donasi dari masyarakat umum', 402, NULL),
(1222, 655995, '2025-10-14', 'Hasil investasi', 405, NULL),
(1223, 651155, '2025-01-03', 'Pendapatan jasa konsultasi', 405, 0),
(1224, 465664, '2025-01-23', 'Donasi perusahaan CSR', 402, NULL),
(1225, 778956, '2025-01-05', 'Donasi perusahaan CSR', 402, NULL),
(1226, 78246, '2025-03-04', 'Hibah pemerintah', 405, NULL),
(1227, 477923, '2024-12-11', 'Pendapatan jasa konsultasi', 403, NULL),
(1228, 741185, '2025-07-11', 'Hasil investasi', 402, NULL),
(1229, 980436, '2025-01-30', 'Pendapatan jasa konsultasi', 403, NULL),
(1230, 22903, '2025-08-15', 'Sumbangan acara charity', 401, 2),
(1231, 398254, '2025-10-19', 'Donasi dari masyarakat umum', 401, NULL),
(1232, 19047, '2025-05-19', 'Donasi perusahaan CSR', 405, NULL),
(1233, 674702, '2025-10-01', 'Donasi anonymous', 404, NULL),
(1234, 926311, '2025-01-18', 'Donasi perusahaan CSR', 405, 0),
(1235, 97716, '2025-06-16', 'Pendapatan jasa konsultasi', 405, 2),
(1236, 136001, '2025-07-03', 'Pendapatan jasa konsultasi', 405, NULL),
(1237, 260637, '2025-07-13', 'Sumbangan acara charity', 405, NULL),
(1238, 926575, '2025-05-13', 'Pendapatan dari event fundraising', 401, NULL),
(1239, 150809, '2025-04-09', 'Hasil penjualan produk', 402, 0),
(1240, 823150, '2025-09-18', 'Donasi dari masyarakat umum', 404, 2),
(1241, 337091, '2025-05-10', 'Hibah pemerintah', 405, NULL),
(1242, 769349, '2025-10-09', 'Hibah pemerintah', 404, NULL),
(1243, 27822, '2025-09-11', 'Hasil penjualan produk', 402, 1),
(1244, 741820, '2025-03-23', 'Hibah pemerintah', 402, NULL),
(1245, 594458, '2025-04-06', 'Sumbangan acara charity', 402, NULL),
(1246, 26049, '2025-10-22', 'Donasi anonymous', 402, NULL),
(1247, 769918, '2025-01-26', 'Pendapatan jasa konsultasi', 405, 0),
(1248, 329136, '2024-12-22', 'Pendapatan jasa konsultasi', 404, 1),
(1249, 39313, '2025-08-03', 'Hibah pemerintah', 404, NULL),
(1250, 929216, '2025-02-27', 'Hasil penjualan produk', 405, NULL),
(1251, 87314, '2025-03-17', 'Sumbangan untuk program pendidikan', 404, NULL),
(1252, 346522, '2025-09-23', 'Donasi perusahaan CSR', 403, 1),
(1253, 905768, '2025-05-20', 'Pendapatan jasa konsultasi', 404, 2),
(1254, 211626, '2024-10-28', 'Donasi anonymous', 403, NULL),
(1255, 836722, '2025-07-30', 'Hasil penjualan produk', 402, NULL),
(1256, 634683, '2025-09-29', 'Hasil penjualan produk', 404, NULL),
(1257, 139608, '2025-08-20', 'Sumbangan untuk program pendidikan', 403, NULL),
(1258, 707736, '2025-03-21', 'Hibah pemerintah', 405, NULL),
(1259, 299114, '2025-04-27', 'Pendapatan jasa konsultasi', 405, 1),
(1260, 393710, '2025-05-10', 'Hibah pemerintah', 405, NULL),
(1261, 462119, '2024-12-21', 'Hasil penjualan produk', 403, NULL),
(1262, 848652, '2025-06-25', 'Hasil investasi', 402, 0),
(1263, 320144, '2025-01-17', 'Sumbangan acara charity', 404, 1),
(1264, 83424, '2025-05-12', 'Hasil investasi', 401, NULL),
(1265, 162664, '2025-08-20', 'Sumbangan acara charity', 402, NULL),
(1266, 659564, '2024-12-11', 'Donasi dari masyarakat umum', 405, 0),
(1267, 770868, '2025-01-14', 'Sumbangan untuk program pendidikan', 403, 1),
(1268, 668760, '2025-04-03', 'Donasi perusahaan CSR', 405, NULL),
(1269, 260197, '2025-08-26', 'Donasi dari masyarakat umum', 404, NULL),
(1270, 496340, '2025-07-16', 'Donasi dari masyarakat umum', 401, NULL),
(1271, 411502, '2025-07-16', 'Hibah pemerintah', 405, 0),
(1272, 637545, '2025-01-08', 'Pendapatan dari event fundraising', 405, 1),
(1273, 668781, '2025-04-02', 'Hasil penjualan produk', 404, 2),
(1274, 933149, '2025-10-17', 'Hasil investasi', 401, NULL),
(1275, 276745, '2024-11-20', 'Donasi dari masyarakat umum', 403, NULL),
(1276, 859431, '2025-01-31', 'Donasi anonymous', 405, 1),
(1277, 25464, '2024-10-31', 'Pendapatan dari event fundraising', 401, NULL),
(1278, 434510, '2025-07-10', 'Donasi dari masyarakat umum', 405, NULL),
(1279, 482664, '2025-08-06', 'Donasi perusahaan CSR', 404, NULL),
(1280, 36884, '2025-09-02', 'Donasi anonymous', 401, NULL),
(1281, 843499, '2025-03-29', 'Sumbangan acara charity', 403, NULL),
(1282, 459027, '2025-03-19', 'Pendapatan jasa konsultasi', 401, NULL),
(1283, 341344, '2024-10-30', 'Donasi anonymous', 403, NULL),
(1284, 756713, '2025-10-20', 'Hasil investasi', 404, 1),
(1285, 646404, '2025-08-01', 'Hibah pemerintah', 404, 1),
(1286, 273878, '2025-07-20', 'Donasi dari masyarakat umum', 405, NULL),
(1287, 185550, '2024-11-01', 'Donasi perusahaan CSR', 402, NULL),
(1288, 336357, '2024-10-25', 'Donasi dari masyarakat umum', 401, NULL),
(1289, 556952, '2025-09-28', 'Donasi dari masyarakat umum', 404, NULL),
(1290, 635018, '2025-07-18', 'Donasi perusahaan CSR', 401, 1),
(1291, 8921, '2025-02-12', 'Pendapatan dari event fundraising', 404, 2),
(1292, 833746, '2025-07-29', 'Donasi perusahaan CSR', 402, NULL),
(1293, 731648, '2025-06-08', 'Donasi anonymous', 402, NULL),
(1294, 518585, '2025-06-02', 'Sumbangan untuk program pendidikan', 401, 1),
(1295, 249033, '2025-07-24', 'Pendapatan jasa konsultasi', 403, NULL),
(1296, 436578, '2024-12-03', 'Sumbangan acara charity', 403, NULL),
(1297, 658391, '2025-06-05', 'Pendapatan dari event fundraising', 404, NULL),
(1298, 240688, '2025-03-20', 'Hibah pemerintah', 404, 2),
(1299, 249791, '2024-12-22', 'Pendapatan dari event fundraising', 405, 2),
(1300, 207847, '2025-04-17', 'Pendapatan dari event fundraising', 405, NULL),
(1301, 623293, '2025-06-13', 'Donasi anonymous', 402, NULL),
(1302, 38547, '2025-03-20', 'Hibah pemerintah', 403, NULL),
(1303, 688315, '2025-08-23', 'Pendapatan jasa konsultasi', 403, NULL),
(1304, 95096, '2025-08-16', 'Hasil investasi', 403, 2),
(1305, 60464, '2025-09-08', 'Pendapatan dari event fundraising', 403, 0),
(1306, 5192, '2025-04-28', 'Hasil investasi', 403, NULL),
(1307, 898303, '2025-10-21', 'Hasil investasi', 402, NULL),
(1308, 667889, '2025-10-13', 'Pendapatan dari event fundraising', 401, NULL),
(1309, 8738, '2025-04-08', 'Donasi dari masyarakat umum', 405, NULL),
(1310, 451711, '2024-11-18', 'Donasi dari masyarakat umum', 404, NULL),
(1311, 663793, '2025-05-20', 'Sumbangan acara charity', 404, NULL),
(1312, 832729, '2025-01-02', 'Donasi dari masyarakat umum', 403, NULL),
(1313, 175914, '2025-08-18', 'Pendapatan jasa konsultasi', 405, NULL),
(1314, 761322, '2025-01-27', 'Hasil penjualan produk', 402, 0),
(1315, 467083, '2025-02-19', 'Donasi anonymous', 405, NULL),
(1316, 730915, '2025-01-09', 'Donasi anonymous', 404, 1),
(1317, 741083, '2025-03-11', 'Pendapatan jasa konsultasi', 405, NULL),
(1318, 474637, '2025-07-16', 'Donasi anonymous', 402, NULL),
(1319, 97235, '2025-06-09', 'Pendapatan jasa konsultasi', 401, NULL),
(1320, 613755, '2025-02-20', 'Hibah pemerintah', 401, NULL),
(1321, 524075, '2024-12-18', 'Sumbangan acara charity', 402, 2),
(1322, 283292, '2025-10-20', 'Hasil penjualan produk', 405, NULL),
(1323, 184380, '2025-09-25', 'Hasil investasi', 402, NULL),
(1324, 423880, '2025-05-04', 'Hasil investasi', 401, 0),
(1325, 502387, '2025-04-17', 'Donasi anonymous', 405, NULL),
(1326, 201678, '2025-07-24', 'Sumbangan acara charity', 404, NULL),
(1327, 181465, '2025-10-03', 'Hibah pemerintah', 402, NULL),
(1328, 813319, '2025-01-01', 'Hasil penjualan produk', 404, 1),
(1329, 839654, '2024-10-25', 'Hasil investasi', 403, NULL),
(1330, 244959, '2025-06-16', 'Sumbangan untuk program pendidikan', 404, 0),
(1331, 793626, '2025-05-23', 'Sumbangan untuk program pendidikan', 403, 1),
(1332, 559695, '2025-03-03', 'Hasil penjualan produk', 401, 1),
(1333, 62391, '2025-06-08', 'Donasi perusahaan CSR', 401, NULL),
(1334, 498119, '2025-02-14', 'Sumbangan acara charity', 402, NULL),
(1335, 995568, '2025-06-24', 'Donasi perusahaan CSR', 402, NULL),
(1336, 291706, '2025-03-04', 'Sumbangan acara charity', 402, NULL),
(1337, 300567, '2024-12-01', 'Donasi perusahaan CSR', 404, NULL),
(1338, 565329, '2025-03-17', 'Hasil investasi', 404, NULL),
(1339, 147570, '2025-06-26', 'Hibah pemerintah', 401, NULL),
(1340, 527855, '2025-07-15', 'Hibah pemerintah', 404, NULL),
(1341, 721915, '2025-09-04', 'Hibah pemerintah', 402, NULL),
(1342, 739602, '2025-10-12', 'Sumbangan acara charity', 402, NULL),
(1343, 535959, '2025-08-10', 'Donasi dari masyarakat umum', 404, 2),
(1344, 760294, '2025-08-07', 'Hibah pemerintah', 402, NULL),
(1345, 554385, '2025-08-25', 'Donasi anonymous', 404, NULL),
(1346, 790417, '2025-10-19', 'Hibah pemerintah', 404, NULL),
(1347, 818854, '2025-07-27', 'Donasi perusahaan CSR', 403, NULL),
(1348, 353651, '2025-05-24', 'Donasi perusahaan CSR', 405, 2),
(1349, 696581, '2025-07-06', 'Sumbangan untuk program pendidikan', 404, 1),
(1350, 698073, '2025-08-10', 'Donasi dari masyarakat umum', 405, 1),
(1351, 76436, '2024-12-25', 'Hasil investasi', 402, 0),
(1352, 459783, '2025-06-12', 'Sumbangan acara charity', 404, NULL),
(1353, 403302, '2025-04-08', 'Sumbangan untuk program pendidikan', 405, NULL),
(1354, 548722, '2025-03-09', 'Hasil investasi', 401, NULL),
(1355, 868519, '2025-09-24', 'Donasi anonymous', 401, 2),
(1356, 439165, '2024-10-29', 'Donasi perusahaan CSR', 403, 2),
(1357, 861049, '2024-12-03', 'Hibah pemerintah', 404, NULL),
(1358, 827076, '2025-04-04', 'Hasil investasi', 401, NULL),
(1359, 359132, '2025-05-18', 'Hasil investasi', 405, 1),
(1360, 302644, '2025-03-02', 'Donasi perusahaan CSR', 403, NULL),
(1361, 538186, '2025-03-29', 'Donasi perusahaan CSR', 401, NULL),
(1362, 245199, '2025-06-29', 'Donasi perusahaan CSR', 402, 0),
(1363, 811066, '2025-07-19', 'Pendapatan dari event fundraising', 405, NULL),
(1364, 890508, '2024-11-25', 'Donasi perusahaan CSR', 405, 0),
(1365, 35440, '2025-04-03', 'Hasil investasi', 402, NULL),
(1366, 435999, '2025-10-12', 'Donasi perusahaan CSR', 404, NULL),
(1367, 648396, '2024-12-28', 'Hibah pemerintah', 404, NULL),
(1368, 336264, '2025-06-20', 'Sumbangan acara charity', 405, NULL),
(1369, 823553, '2025-08-17', 'Donasi dari masyarakat umum', 403, NULL),
(1370, 584860, '2025-07-23', 'Pendapatan jasa konsultasi', 402, NULL),
(1371, 528418, '2024-12-23', 'Sumbangan untuk program pendidikan', 405, 0),
(1372, 563844, '2025-02-16', 'Hibah pemerintah', 402, 1),
(1373, 879621, '2025-05-14', 'Donasi perusahaan CSR', 403, NULL),
(1374, 359695, '2025-04-02', 'Hasil penjualan produk', 402, 1),
(1375, 663529, '2025-10-22', 'Pendapatan dari event fundraising', 401, 1),
(1376, 262817, '2025-07-26', 'Pendapatan jasa konsultasi', 405, 2),
(1377, 56718, '2024-11-27', 'Pendapatan jasa konsultasi', 401, NULL),
(1378, 891632, '2025-09-16', 'Donasi dari masyarakat umum', 404, 2),
(1379, 982714, '2025-01-07', 'Donasi dari masyarakat umum', 403, 2),
(1380, 135512, '2025-06-03', 'Hasil penjualan produk', 405, NULL),
(1381, 627492, '2025-02-20', 'Hasil penjualan produk', 401, NULL),
(1382, 14929, '2025-10-21', 'Hasil penjualan produk', 403, NULL),
(1383, 668800, '2025-09-02', 'Sumbangan acara charity', 404, NULL),
(1384, 223005, '2025-09-30', 'Donasi perusahaan CSR', 402, NULL),
(1385, 615194, '2025-06-06', 'Pendapatan jasa konsultasi', 401, NULL),
(1386, 577219, '2025-09-07', 'Sumbangan acara charity', 402, NULL),
(1387, 558727, '2025-01-31', 'Hibah pemerintah', 402, 0),
(1388, 793584, '2025-05-11', 'Hasil investasi', 402, NULL),
(1389, 726264, '2025-02-20', 'Hasil penjualan produk', 402, 1),
(1390, 727642, '2024-12-04', 'Hasil investasi', 401, NULL),
(1391, 692835, '2025-03-02', 'Donasi anonymous', 405, 1),
(1392, 487197, '2025-10-08', 'Sumbangan acara charity', 402, NULL),
(1393, 38815, '2024-10-23', 'Donasi dari masyarakat umum', 403, NULL),
(1394, 449747, '2025-08-12', 'Pendapatan jasa konsultasi', 402, 2),
(1395, 847812, '2025-08-19', 'Donasi perusahaan CSR', 402, NULL),
(1396, 182918, '2025-07-15', 'Hasil penjualan produk', 402, 1),
(1397, 312662, '2025-10-09', 'Pendapatan jasa konsultasi', 401, 1),
(1398, 335544, '2025-08-29', 'Hasil penjualan produk', 405, NULL),
(1399, 216278, '2025-05-16', 'Donasi dari masyarakat umum', 402, 2),
(1400, 553131, '2025-01-23', 'Hibah pemerintah', 405, 2),
(1401, 548930, '2024-11-12', 'Donasi perusahaan CSR', 405, NULL),
(1402, 529878, '2025-04-03', 'Donasi perusahaan CSR', 404, NULL),
(1403, 27054, '2025-05-12', 'Sumbangan untuk program pendidikan', 404, NULL),
(1404, 297439, '2025-06-12', 'Hasil penjualan produk', 401, 0),
(1405, 91508, '2024-11-29', 'Pendapatan jasa konsultasi', 405, NULL),
(1406, 785361, '2025-02-17', 'Hibah pemerintah', 402, 2),
(1407, 744613, '2025-06-17', 'Hibah pemerintah', 404, 0),
(1408, 655538, '2025-01-30', 'Donasi dari masyarakat umum', 404, 2),
(1409, 947413, '2025-01-27', 'Donasi dari masyarakat umum', 405, NULL),
(1410, 1602, '2025-06-04', 'Hibah pemerintah', 402, NULL),
(1411, 813185, '2025-09-10', 'Hibah pemerintah', 403, NULL),
(1412, 582064, '2025-08-22', 'Hibah pemerintah', 405, NULL),
(1413, 270381, '2025-04-26', 'Hasil investasi', 403, 2),
(1414, 358760, '2025-03-29', 'Sumbangan untuk program pendidikan', 405, NULL),
(1415, 153857, '2025-01-15', 'Donasi perusahaan CSR', 402, 2),
(1416, 74986, '2025-04-23', 'Donasi anonymous', 403, NULL),
(1417, 580681, '2025-06-14', 'Donasi perusahaan CSR', 403, 0),
(1418, 321796, '2025-03-05', 'Donasi perusahaan CSR', 401, NULL),
(1419, 47543, '2025-03-23', 'Donasi perusahaan CSR', 405, NULL),
(1420, 932145, '2025-08-31', 'Hibah pemerintah', 402, 2),
(1421, 903633, '2025-05-19', 'Donasi perusahaan CSR', 401, NULL),
(1422, 48382, '2025-08-30', 'Pendapatan dari event fundraising', 405, NULL),
(1423, 340517, '2025-07-20', 'Hasil investasi', 405, NULL),
(1424, 207460, '2025-05-06', 'Sumbangan acara charity', 403, NULL),
(1425, 842150, '2025-06-16', 'Hibah pemerintah', 402, 0),
(1426, 193285, '2025-02-06', 'Donasi anonymous', 402, NULL),
(1427, 853723, '2025-04-26', 'Sumbangan acara charity', 401, NULL),
(1428, 689096, '2025-07-12', 'Donasi dari masyarakat umum', 404, 0),
(1429, 975987, '2025-08-29', 'Donasi anonymous', 402, 0),
(1430, 129321, '2024-12-03', 'Hasil investasi', 402, NULL),
(1431, 109476, '2025-02-02', 'Hasil investasi', 402, NULL),
(1432, 372924, '2025-08-13', 'Pendapatan jasa konsultasi', 402, 1),
(1433, 264016, '2025-02-26', 'Hasil investasi', 404, 0),
(1434, 759347, '2025-08-12', 'Hibah pemerintah', 401, NULL),
(1435, 732343, '2025-03-14', 'Hasil penjualan produk', 405, NULL),
(1436, 612739, '2025-03-25', 'Hibah pemerintah', 401, 1),
(1437, 715834, '2025-06-28', 'Sumbangan untuk program pendidikan', 405, NULL),
(1438, 91164, '2024-11-23', 'Donasi dari masyarakat umum', 405, NULL),
(1439, 450211, '2025-10-23', 'Hasil penjualan produk', 401, 0),
(1440, 889414, '2025-03-27', 'Hasil penjualan produk', 405, NULL),
(1441, 803866, '2025-06-12', 'Hibah pemerintah', 402, NULL),
(1442, 386915, '2025-01-18', 'Hasil penjualan produk', 405, 0),
(1443, 41684, '2025-03-22', 'Donasi dari masyarakat umum', 405, 1),
(1444, 85501, '2025-02-19', 'Hasil investasi', 404, 2),
(1445, 994974, '2025-04-15', 'Pendapatan jasa konsultasi', 403, NULL),
(1446, 315207, '2025-04-21', 'Hasil penjualan produk', 404, NULL),
(1447, 803032, '2024-12-01', 'Sumbangan acara charity', 404, 0),
(1448, 459786, '2025-01-25', 'Hibah pemerintah', 401, 0),
(1449, 969614, '2024-12-23', 'Pendapatan dari event fundraising', 404, NULL),
(1450, 290141, '2025-01-12', 'Sumbangan acara charity', 403, NULL),
(1451, 65174, '2025-07-16', 'Sumbangan acara charity', 401, NULL),
(1452, 511860, '2025-04-10', 'Pendapatan dari event fundraising', 402, 2),
(1453, 957072, '2025-04-19', 'Pendapatan jasa konsultasi', 401, 0),
(1454, 509073, '2025-07-24', 'Sumbangan untuk program pendidikan', 403, 1),
(1455, 333693, '2025-10-05', 'Pendapatan dari event fundraising', 402, 1),
(1456, 583637, '2025-02-10', 'Pendapatan jasa konsultasi', 404, 0),
(1457, 253567, '2024-12-02', 'Hasil penjualan produk', 403, 1),
(1458, 493827, '2025-09-26', 'Pendapatan jasa konsultasi', 405, NULL),
(1459, 808343, '2025-03-19', 'Pendapatan jasa konsultasi', 404, NULL),
(1460, 101649, '2024-12-22', 'Hibah pemerintah', 404, 0),
(1461, 444302, '2025-02-20', 'Hibah pemerintah', 402, NULL),
(1462, 771608, '2025-01-30', 'Pendapatan dari event fundraising', 405, NULL),
(1463, 744428, '2025-07-05', 'Hasil investasi', 401, 2),
(1464, 858103, '2025-01-05', 'Hasil investasi', 403, NULL),
(1465, 870328, '2025-07-21', 'Pendapatan jasa konsultasi', 404, NULL),
(1466, 934584, '2024-11-07', 'Donasi perusahaan CSR', 403, NULL),
(1467, 593982, '2025-06-22', 'Hasil penjualan produk', 403, NULL),
(1468, 738516, '2024-12-17', 'Pendapatan dari event fundraising', 405, NULL),
(1469, 69994, '2025-08-10', 'Sumbangan acara charity', 405, NULL),
(1470, 955412, '2025-03-20', 'Donasi anonymous', 403, NULL),
(1471, 762243, '2025-10-15', 'Donasi perusahaan CSR', 401, 2),
(1472, 323917, '2025-05-01', 'Donasi perusahaan CSR', 404, NULL),
(1473, 924423, '2025-01-15', 'Sumbangan untuk program pendidikan', 404, NULL),
(1474, 955115, '2025-09-06', 'Donasi perusahaan CSR', 405, NULL),
(1475, 988861, '2025-06-05', 'Donasi perusahaan CSR', 403, NULL),
(1476, 253316, '2025-03-23', 'Pendapatan jasa konsultasi', 401, 0),
(1477, 821041, '2025-04-17', 'Donasi anonymous', 402, 2),
(1478, 178794, '2025-10-01', 'Pendapatan dari event fundraising', 405, 0),
(1479, 650673, '2025-03-08', 'Pendapatan jasa konsultasi', 403, 0),
(1480, 14625, '2025-05-03', 'Donasi anonymous', 401, NULL),
(1481, 559376, '2025-02-14', 'Donasi perusahaan CSR', 404, NULL),
(1482, 94489, '2025-06-21', 'Sumbangan acara charity', 405, NULL),
(1483, 325694, '2025-05-20', 'Donasi dari masyarakat umum', 405, NULL),
(1484, 787270, '2025-02-22', 'Sumbangan acara charity', 401, NULL),
(1485, 536040, '2025-06-06', 'Pendapatan jasa konsultasi', 405, 0),
(1486, 658436, '2025-05-10', 'Pendapatan dari event fundraising', 402, 1),
(1487, 553312, '2025-03-16', 'Donasi dari masyarakat umum', 404, 2),
(1488, 426229, '2025-01-17', 'Pendapatan jasa konsultasi', 405, NULL),
(1489, 896427, '2025-03-07', 'Donasi dari masyarakat umum', 402, NULL),
(1490, 442796, '2025-02-24', 'Hasil investasi', 402, NULL),
(1491, 502968, '2025-05-31', 'Donasi dari masyarakat umum', 401, NULL),
(1492, 977138, '2025-04-11', 'Donasi perusahaan CSR', 404, 0),
(1493, 240314, '2025-04-18', 'Pendapatan dari event fundraising', 403, NULL),
(1494, 449030, '2025-02-05', 'Donasi dari masyarakat umum', 401, NULL),
(1495, 474888, '2025-07-22', 'Donasi dari masyarakat umum', 404, 2),
(1496, 619808, '2025-04-08', 'Hasil penjualan produk', 401, NULL),
(1497, 354072, '2025-05-20', 'Donasi perusahaan CSR', 405, NULL),
(1498, 730181, '2025-08-18', 'Hasil investasi', 402, NULL),
(1499, 78066, '2025-09-21', 'Hasil penjualan produk', 403, NULL),
(1500, 533267, '2025-05-08', 'Donasi dari masyarakat umum', 401, 2),
(1501, 937870, '2025-07-31', 'Hasil investasi', 404, NULL),
(1502, 958905, '2025-03-14', 'Hasil investasi', 405, NULL),
(1503, 740260, '2025-05-19', 'Sumbangan untuk program pendidikan', 404, NULL),
(1504, 153724, '2025-05-23', 'Donasi anonymous', 405, NULL),
(1505, 581849, '2025-09-05', 'Sumbangan untuk program pendidikan', 403, NULL),
(1506, 197948, '2024-11-26', 'Pendapatan dari event fundraising', 405, 0),
(1507, 127357, '2025-06-08', 'Sumbangan acara charity', 403, NULL),
(1508, 535887, '2024-12-11', 'Hibah pemerintah', 401, 2),
(1509, 722372, '2025-08-14', 'Sumbangan acara charity', 403, 2),
(1510, 262299, '2025-08-14', 'Hasil penjualan produk', 401, NULL),
(1511, 727317, '2025-04-14', 'Sumbangan untuk program pendidikan', 404, 1),
(1512, 860407, '2025-01-02', 'Pendapatan dari event fundraising', 405, NULL),
(1513, 147331, '2024-12-25', 'Hasil penjualan produk', 403, 2),
(1514, 160634, '2025-08-29', 'Hibah pemerintah', 404, 0),
(1515, 705841, '2025-08-21', 'Donasi perusahaan CSR', 402, NULL),
(1516, 718016, '2025-01-12', 'Pendapatan jasa konsultasi', 403, NULL),
(1517, 684763, '2025-06-28', 'Pendapatan dari event fundraising', 404, 1),
(1518, 422727, '2025-02-22', 'Hasil penjualan produk', 404, 0),
(1519, 70560, '2025-04-12', 'Hibah pemerintah', 401, NULL),
(1520, 873623, '2025-06-30', 'Donasi anonymous', 401, NULL),
(1521, 713821, '2025-08-09', 'Donasi perusahaan CSR', 401, 2),
(1522, 291787, '2025-08-02', 'Hasil investasi', 401, NULL),
(1523, 341135, '2025-03-18', 'Donasi dari masyarakat umum', 403, NULL),
(1524, 611962, '2024-10-28', 'Hibah pemerintah', 402, NULL),
(1525, 759353, '2025-08-29', 'Sumbangan acara charity', 405, NULL),
(1526, 20233, '2024-11-04', 'Pendapatan dari event fundraising', 401, NULL),
(1527, 537275, '2025-10-13', 'Donasi perusahaan CSR', 401, NULL),
(1528, 596746, '2025-01-11', 'Pendapatan dari event fundraising', 402, 0),
(1529, 20080, '2025-07-25', 'Hibah pemerintah', 403, 1),
(1530, 677730, '2025-07-21', 'Hasil investasi', 403, NULL),
(1531, 394383, '2024-12-26', 'Donasi dari masyarakat umum', 403, 1),
(1532, 237296, '2024-12-17', 'Donasi perusahaan CSR', 403, NULL),
(1533, 242080, '2025-05-03', 'Hasil penjualan produk', 403, NULL),
(1534, 729996, '2024-12-15', 'Donasi anonymous', 401, NULL),
(1535, 624852, '2025-07-06', 'Hasil penjualan produk', 402, NULL),
(1536, 361660, '2025-02-14', 'Pendapatan jasa konsultasi', 402, NULL),
(1537, 703475, '2025-06-23', 'Donasi anonymous', 405, NULL),
(1538, 412631, '2025-04-21', 'Sumbangan acara charity', 405, NULL),
(1539, 3583, '2025-04-19', 'Donasi anonymous', 403, 1),
(1540, 187757, '2025-09-10', 'Pendapatan jasa konsultasi', 404, 1),
(1541, 974600, '2025-09-03', 'Pendapatan jasa konsultasi', 402, 1),
(1542, 656618, '2025-02-06', 'Pendapatan jasa konsultasi', 401, NULL),
(1543, 472399, '2025-07-27', 'Donasi perusahaan CSR', 403, NULL),
(1544, 469708, '2025-01-19', 'Donasi dari masyarakat umum', 404, NULL),
(1545, 623731, '2025-08-14', 'Donasi perusahaan CSR', 401, NULL),
(1546, 604621, '2025-02-15', 'Sumbangan untuk program pendidikan', 405, NULL),
(1547, 606261, '2024-10-27', 'Pendapatan jasa konsultasi', 404, 1),
(1548, 853764, '2025-07-08', 'Sumbangan untuk program pendidikan', 401, NULL),
(1549, 335209, '2024-12-15', 'Donasi dari masyarakat umum', 404, NULL),
(1550, 774617, '2025-06-05', 'Hibah pemerintah', 405, NULL),
(1551, 788035, '2025-07-08', 'Hasil penjualan produk', 405, 2),
(1552, 336249, '2025-04-21', 'Donasi anonymous', 404, NULL),
(1553, 848376, '2025-08-16', 'Hasil investasi', 404, 2),
(1554, 726893, '2025-02-02', 'Sumbangan untuk program pendidikan', 405, 0),
(1555, 170923, '2025-07-05', 'Hasil investasi', 403, NULL),
(1556, 619568, '2025-05-31', 'Donasi anonymous', 403, 1),
(1557, 205335, '2025-01-03', 'Hasil investasi', 404, 1),
(1558, 308275, '2025-02-21', 'Donasi anonymous', 405, NULL),
(1559, 695202, '2024-11-08', 'Pendapatan dari event fundraising', 403, NULL),
(1560, 303507, '2025-03-24', 'Pendapatan jasa konsultasi', 402, NULL),
(1561, 101204, '2025-08-13', 'Pendapatan jasa konsultasi', 403, NULL),
(1562, 382317, '2025-04-06', 'Hasil investasi', 402, NULL),
(1563, 594408, '2024-11-04', 'Sumbangan acara charity', 401, NULL),
(1564, 239549, '2025-05-24', 'Hasil investasi', 402, 1),
(1565, 898560, '2024-12-05', 'Donasi anonymous', 401, 0),
(1566, 347302, '2025-10-10', 'Pendapatan jasa konsultasi', 402, NULL),
(1567, 111741, '2025-03-01', 'Hibah pemerintah', 402, 0),
(1568, 939925, '2025-10-14', 'Pendapatan dari event fundraising', 403, NULL),
(1569, 658683, '2025-07-10', 'Donasi perusahaan CSR', 405, 2),
(1570, 316852, '2025-04-18', 'Donasi dari masyarakat umum', 401, NULL),
(1571, 369909, '2025-09-05', 'Sumbangan untuk program pendidikan', 405, 0),
(1572, 4479, '2025-06-23', 'Hibah pemerintah', 402, NULL),
(1573, 172973, '2025-01-16', 'Donasi anonymous', 405, NULL),
(1574, 187661, '2025-06-21', 'Donasi anonymous', 404, NULL),
(1575, 291688, '2025-02-22', 'Pendapatan jasa konsultasi', 403, 2),
(1576, 240772, '2025-01-25', 'Pendapatan dari event fundraising', 405, NULL),
(1577, 954798, '2025-06-10', 'Sumbangan untuk program pendidikan', 402, NULL),
(1578, 916725, '2025-07-23', 'Pendapatan dari event fundraising', 405, NULL),
(1579, 207395, '2025-06-21', 'Pendapatan dari event fundraising', 405, 1),
(1580, 343855, '2025-04-19', 'Donasi anonymous', 403, NULL),
(1581, 470736, '2025-03-22', 'Pendapatan dari event fundraising', 402, NULL),
(1582, 509736, '2025-01-03', 'Donasi dari masyarakat umum', 403, NULL),
(1583, 533991, '2025-06-28', 'Hibah pemerintah', 405, NULL),
(1584, 115789, '2025-08-27', 'Donasi perusahaan CSR', 404, 2),
(1585, 198025, '2025-07-24', 'Donasi anonymous', 402, NULL),
(1586, 991727, '2025-06-24', 'Hasil investasi', 405, NULL),
(1587, 888201, '2024-12-22', 'Sumbangan untuk program pendidikan', 404, NULL),
(1588, 517819, '2025-05-09', 'Hibah pemerintah', 405, NULL),
(1589, 582677, '2025-01-12', 'Hasil investasi', 401, 1),
(1590, 231838, '2025-07-20', 'Sumbangan acara charity', 403, NULL),
(1591, 884219, '2025-02-11', 'Pendapatan jasa konsultasi', 402, NULL),
(1592, 288308, '2025-01-03', 'Donasi dari masyarakat umum', 405, NULL),
(1593, 779599, '2024-12-06', 'Pendapatan jasa konsultasi', 402, 0),
(1594, 568803, '2025-09-06', 'Hasil penjualan produk', 403, NULL),
(1595, 647465, '2025-03-14', 'Donasi perusahaan CSR', 401, NULL),
(1596, 9024, '2025-08-07', 'Sumbangan untuk program pendidikan', 401, NULL),
(1597, 769395, '2025-08-19', 'Donasi perusahaan CSR', 401, 0),
(1598, 791526, '2025-03-30', 'Hasil penjualan produk', 403, 2),
(1599, 109160, '2024-12-17', 'Hibah pemerintah', 405, NULL),
(1600, 536314, '2025-04-15', 'Hasil penjualan produk', 404, NULL),
(1601, 246692, '2025-09-24', 'Donasi dari masyarakat umum', 404, 0),
(1602, 319612, '2025-02-20', 'Hibah pemerintah', 405, NULL),
(1603, 81297, '2025-09-29', 'Pendapatan jasa konsultasi', 401, 1),
(1604, 317448, '2025-04-22', 'Sumbangan untuk program pendidikan', 405, NULL),
(1605, 469457, '2025-01-21', 'Donasi perusahaan CSR', 404, NULL),
(1606, 819100, '2025-09-23', 'Hasil investasi', 404, NULL),
(1607, 112439, '2025-03-10', 'Donasi perusahaan CSR', 404, NULL),
(1608, 840237, '2025-08-17', 'Donasi perusahaan CSR', 405, NULL),
(1609, 115360, '2025-04-05', 'Donasi perusahaan CSR', 402, NULL),
(1610, 26231, '2025-01-12', 'Donasi anonymous', 402, NULL),
(1611, 699175, '2025-09-25', 'Donasi anonymous', 403, NULL),
(1612, 997580, '2025-05-05', 'Donasi anonymous', 402, NULL),
(1613, 513546, '2025-09-07', 'Pendapatan jasa konsultasi', 405, NULL),
(1614, 52244, '2025-02-15', 'Sumbangan untuk program pendidikan', 404, 2),
(1615, 789595, '2024-12-23', 'Sumbangan untuk program pendidikan', 405, NULL),
(1616, 194429, '2025-05-09', 'Donasi perusahaan CSR', 402, NULL),
(1617, 113269, '2025-10-06', 'Hasil penjualan produk', 404, NULL),
(1618, 256481, '2025-09-10', 'Pendapatan dari event fundraising', 404, NULL),
(1619, 769718, '2025-01-09', 'Hibah pemerintah', 404, 2),
(1620, 338364, '2025-01-07', 'Pendapatan dari event fundraising', 403, NULL),
(1621, 521250, '2025-10-04', 'Hibah pemerintah', 405, NULL),
(1622, 448972, '2025-02-07', 'Donasi perusahaan CSR', 405, NULL),
(1623, 276514, '2025-06-26', 'Donasi perusahaan CSR', 405, NULL),
(1624, 776786, '2025-07-11', 'Sumbangan acara charity', 405, NULL),
(1625, 440046, '2025-01-11', 'Sumbangan acara charity', 401, 0),
(1626, 940890, '2025-10-07', 'Donasi perusahaan CSR', 401, NULL),
(1627, 36609, '2025-07-10', 'Hasil investasi', 401, NULL),
(1628, 684766, '2024-12-15', 'Donasi perusahaan CSR', 403, NULL),
(1629, 484870, '2025-08-13', 'Hasil investasi', 401, NULL),
(1630, 354573, '2024-11-05', 'Donasi dari masyarakat umum', 402, 1),
(1631, 12275, '2024-12-03', 'Pendapatan dari event fundraising', 403, NULL),
(1632, 21567, '2025-02-03', 'Donasi dari masyarakat umum', 402, NULL),
(1633, 3230, '2025-10-12', 'Pendapatan dari event fundraising', 401, 1),
(1634, 902965, '2025-09-19', 'Hasil investasi', 403, NULL),
(1635, 606670, '2025-08-21', 'Hibah pemerintah', 401, NULL),
(1636, 156779, '2025-03-06', 'Sumbangan untuk program pendidikan', 402, NULL),
(1637, 165017, '2025-10-12', 'Donasi anonymous', 401, NULL),
(1638, 898902, '2024-10-25', 'Hasil penjualan produk', 402, 0),
(1639, 969173, '2025-10-22', 'Pendapatan jasa konsultasi', 405, NULL),
(1640, 400154, '2024-11-04', 'Donasi anonymous', 404, NULL),
(1641, 492273, '2025-07-02', 'Donasi dari masyarakat umum', 405, NULL),
(1642, 195554, '2025-03-13', 'Hasil penjualan produk', 404, NULL),
(1643, 677857, '2025-06-02', 'Sumbangan acara charity', 402, NULL),
(1644, 634316, '2024-10-25', 'Donasi anonymous', 402, 1),
(1645, 981766, '2025-01-04', 'Pendapatan dari event fundraising', 404, 2),
(1646, 526768, '2025-06-10', 'Hasil investasi', 402, NULL),
(1647, 20982, '2025-10-18', 'Hasil investasi', 404, 2),
(1648, 622944, '2025-10-20', 'Donasi anonymous', 404, NULL),
(1649, 255740, '2025-06-01', 'Pendapatan jasa konsultasi', 403, NULL),
(1650, 328239, '2025-02-20', 'Pendapatan jasa konsultasi', 404, 1),
(1651, 702504, '2025-04-01', 'Sumbangan untuk program pendidikan', 403, NULL),
(1652, 401204, '2024-12-08', 'Pendapatan jasa konsultasi', 403, 0),
(1653, 832658, '2025-08-07', 'Hibah pemerintah', 403, NULL),
(1654, 529244, '2024-11-21', 'Sumbangan acara charity', 404, NULL),
(1655, 804298, '2025-06-19', 'Hasil investasi', 401, NULL),
(1656, 396375, '2025-01-27', 'Donasi anonymous', 401, NULL),
(1657, 479062, '2025-06-16', 'Pendapatan dari event fundraising', 402, NULL),
(1658, 233542, '2025-04-09', 'Donasi perusahaan CSR', 405, 2),
(1659, 17790, '2024-12-27', 'Hasil investasi', 404, NULL),
(1660, 332412, '2025-04-18', 'Sumbangan untuk program pendidikan', 404, NULL),
(1661, 892934, '2025-06-14', 'Sumbangan untuk program pendidikan', 405, 0),
(1662, 243487, '2025-07-22', 'Donasi anonymous', 403, NULL),
(1663, 596461, '2025-10-01', 'Sumbangan untuk program pendidikan', 403, NULL),
(1664, 782648, '2024-12-16', 'Hasil investasi', 404, NULL),
(1665, 391617, '2025-10-19', 'Hibah pemerintah', 405, NULL),
(1666, 574651, '2024-11-01', 'Sumbangan acara charity', 405, 2),
(1667, 578792, '2025-01-11', 'Hasil investasi', 405, NULL),
(1668, 816109, '2025-09-17', 'Donasi perusahaan CSR', 404, NULL),
(1669, 652200, '2025-07-21', 'Hasil penjualan produk', 403, 1),
(1670, 437233, '2024-10-23', 'Donasi dari masyarakat umum', 404, 2),
(1671, 395670, '2024-11-06', 'Donasi dari masyarakat umum', 405, NULL),
(1672, 60740, '2025-05-18', 'Sumbangan acara charity', 403, 0),
(1673, 548152, '2025-06-25', 'Pendapatan jasa konsultasi', 402, NULL),
(1674, 90292, '2024-12-25', 'Hasil investasi', 404, NULL),
(1675, 634031, '2024-12-02', 'Hasil penjualan produk', 405, 0),
(1676, 741941, '2025-02-24', 'Sumbangan untuk program pendidikan', 401, NULL),
(1677, 15765, '2025-06-27', 'Donasi anonymous', 402, NULL),
(1678, 343152, '2025-10-22', 'Hasil penjualan produk', 403, NULL),
(1679, 381191, '2025-04-05', 'Pendapatan jasa konsultasi', 404, NULL),
(1680, 661166, '2025-06-29', 'Donasi perusahaan CSR', 404, NULL),
(1681, 555595, '2025-05-25', 'Donasi perusahaan CSR', 402, NULL),
(1682, 566862, '2025-06-23', 'Hibah pemerintah', 405, 2),
(1683, 280001, '2025-09-04', 'Hasil investasi', 404, NULL),
(1684, 305864, '2025-04-12', 'Sumbangan untuk program pendidikan', 402, NULL),
(1685, 772639, '2025-10-23', 'Hasil penjualan produk', 403, NULL),
(1686, 746428, '2025-06-14', 'Hibah pemerintah', 402, 2),
(1687, 608133, '2025-07-04', 'Hasil investasi', 405, NULL),
(1688, 666740, '2025-05-06', 'Donasi perusahaan CSR', 404, NULL),
(1689, 864974, '2024-11-25', 'Donasi anonymous', 401, 2),
(1690, 35124, '2025-06-20', 'Hasil investasi', 405, NULL),
(1691, 64761, '2025-04-20', 'Donasi perusahaan CSR', 404, NULL),
(1692, 70823, '2025-06-07', 'Hasil penjualan produk', 401, 2),
(1693, 76857, '2025-10-10', 'Hibah pemerintah', 402, NULL),
(1694, 225283, '2025-09-29', 'Pendapatan dari event fundraising', 403, 2),
(1695, 888937, '2025-09-21', 'Pendapatan dari event fundraising', 402, NULL),
(1696, 413731, '2025-09-30', 'Hasil investasi', 405, NULL),
(1697, 928175, '2025-09-01', 'Donasi anonymous', 403, NULL),
(1698, 171503, '2025-03-23', 'Pendapatan jasa konsultasi', 401, NULL),
(1699, 723150, '2024-12-23', 'Donasi dari masyarakat umum', 402, NULL),
(1700, 947943, '2025-07-18', 'Sumbangan untuk program pendidikan', 404, 1),
(1701, 977848, '2025-07-16', 'Pendapatan jasa konsultasi', 403, NULL),
(1702, 318973, '2025-08-28', 'Hasil penjualan produk', 403, 0),
(1703, 981569, '2024-12-03', 'Donasi perusahaan CSR', 405, NULL),
(1704, 590157, '2025-05-19', 'Donasi dari masyarakat umum', 401, NULL),
(1705, 401552, '2025-05-18', 'Donasi dari masyarakat umum', 402, 2),
(1706, 270249, '2025-01-01', 'Sumbangan untuk program pendidikan', 401, 2),
(1707, 41578, '2025-10-14', 'Sumbangan acara charity', 402, 1),
(1708, 212686, '2024-12-06', 'Pendapatan jasa konsultasi', 405, NULL),
(1709, 917493, '2025-07-28', 'Donasi perusahaan CSR', 401, NULL),
(1710, 323618, '2025-07-22', 'Hasil investasi', 402, NULL),
(1711, 478147, '2025-04-29', 'Donasi anonymous', 403, NULL),
(1712, 176648, '2025-06-13', 'Donasi dari masyarakat umum', 402, NULL),
(1713, 388757, '2025-04-29', 'Pendapatan dari event fundraising', 405, NULL),
(1714, 254764, '2025-06-07', 'Sumbangan acara charity', 405, NULL),
(1715, 758726, '2025-02-23', 'Sumbangan untuk program pendidikan', 405, 2),
(1716, 228783, '2025-04-18', 'Pendapatan dari event fundraising', 403, NULL),
(1717, 596169, '2025-05-13', 'Hasil penjualan produk', 402, NULL),
(1718, 319304, '2024-12-28', 'Donasi dari masyarakat umum', 403, 1),
(1719, 437679, '2024-12-08', 'Donasi perusahaan CSR', 403, 0),
(1720, 921991, '2025-05-06', 'Hasil investasi', 401, NULL),
(1721, 315080, '2024-12-18', 'Hasil penjualan produk', 402, 0),
(1722, 542986, '2025-07-01', 'Donasi anonymous', 403, NULL),
(1723, 458072, '2025-08-10', 'Hibah pemerintah', 404, NULL),
(1724, 500319, '2025-10-14', 'Hibah pemerintah', 402, NULL),
(1725, 206156, '2025-09-28', 'Pendapatan jasa konsultasi', 403, NULL),
(1726, 781237, '2025-04-05', 'Donasi anonymous', 402, NULL),
(1727, 81424, '2025-08-01', 'Sumbangan acara charity', 405, NULL),
(1728, 918527, '2024-11-09', 'Pendapatan jasa konsultasi', 401, NULL),
(1729, 230800, '2024-12-23', 'Sumbangan untuk program pendidikan', 402, NULL),
(1730, 731484, '2025-06-14', 'Sumbangan untuk program pendidikan', 402, 1),
(1731, 918289, '2025-08-23', 'Hasil investasi', 405, NULL),
(1732, 177397, '2025-03-03', 'Donasi perusahaan CSR', 405, NULL),
(1733, 587592, '2025-09-01', 'Donasi perusahaan CSR', 403, 1),
(1734, 593949, '2025-09-19', 'Pendapatan jasa konsultasi', 404, 0),
(1735, 971764, '2025-08-29', 'Pendapatan jasa konsultasi', 405, 0),
(1736, 559927, '2025-08-31', 'Pendapatan jasa konsultasi', 404, NULL),
(1737, 449942, '2024-11-14', 'Pendapatan jasa konsultasi', 402, NULL),
(1738, 449966, '2025-02-18', 'Donasi anonymous', 405, NULL),
(1739, 72008, '2025-06-29', 'Donasi anonymous', 402, NULL),
(1740, 743265, '2025-09-15', 'Hasil penjualan produk', 404, NULL),
(1741, 691227, '2025-03-04', 'Pendapatan jasa konsultasi', 401, NULL),
(1742, 5447, '2025-03-05', 'Sumbangan untuk program pendidikan', 405, 0),
(1743, 235693, '2025-04-23', 'Donasi dari masyarakat umum', 401, NULL),
(1744, 475206, '2025-02-13', 'Sumbangan untuk program pendidikan', 402, NULL),
(1745, 684330, '2024-10-28', 'Hasil penjualan produk', 403, 1),
(1746, 811820, '2025-06-13', 'Hasil penjualan produk', 401, NULL),
(1747, 336468, '2025-10-08', 'Hasil penjualan produk', 401, NULL),
(1748, 269554, '2025-04-30', 'Donasi perusahaan CSR', 403, 0),
(1749, 768270, '2025-07-21', 'Pendapatan dari event fundraising', 405, 1),
(1750, 545291, '2025-09-12', 'Hasil penjualan produk', 405, NULL),
(1751, 927414, '2025-09-20', 'Sumbangan acara charity', 402, NULL),
(1752, 654447, '2025-04-26', 'Donasi anonymous', 402, NULL),
(1753, 818238, '2025-10-13', 'Donasi perusahaan CSR', 402, NULL),
(1754, 749282, '2025-04-13', 'Pendapatan jasa konsultasi', 405, NULL),
(1755, 223508, '2025-10-10', 'Pendapatan dari event fundraising', 404, NULL),
(1756, 713788, '2024-11-02', 'Pendapatan jasa konsultasi', 405, NULL),
(1757, 91735, '2025-01-14', 'Hasil penjualan produk', 405, NULL),
(1758, 779482, '2025-05-27', 'Hasil penjualan produk', 403, 0),
(1759, 378814, '2025-02-14', 'Sumbangan acara charity', 401, NULL),
(1760, 983944, '2025-04-06', 'Pendapatan jasa konsultasi', 401, NULL),
(1761, 418287, '2025-04-28', 'Sumbangan untuk program pendidikan', 405, 0),
(1762, 288440, '2025-09-17', 'Donasi perusahaan CSR', 405, NULL),
(1763, 91195, '2025-05-31', 'Sumbangan acara charity', 404, NULL),
(1764, 362895, '2025-10-08', 'Pendapatan dari event fundraising', 403, 2),
(1765, 214506, '2025-08-18', 'Pendapatan dari event fundraising', 404, NULL),
(1766, 71900, '2025-04-09', 'Hasil penjualan produk', 403, 2),
(1767, 567587, '2025-08-03', 'Hasil penjualan produk', 404, NULL),
(1768, 918620, '2024-12-17', 'Hibah pemerintah', 404, NULL),
(1769, 661862, '2024-11-03', 'Pendapatan jasa konsultasi', 404, NULL),
(1770, 156861, '2024-11-16', 'Hasil investasi', 403, 0),
(1771, 13233, '2025-05-27', 'Hasil penjualan produk', 405, 0),
(1772, 503822, '2025-03-19', 'Hasil penjualan produk', 403, 2),
(1773, 801297, '2025-04-05', 'Donasi dari masyarakat umum', 401, 2),
(1774, 860514, '2025-10-06', 'Hibah pemerintah', 401, NULL),
(1775, 187348, '2025-08-18', 'Hasil penjualan produk', 404, NULL),
(1776, 530473, '2025-03-04', 'Hibah pemerintah', 405, 2),
(1777, 755011, '2025-04-25', 'Donasi perusahaan CSR', 404, 0),
(1778, 716207, '2025-04-21', 'Sumbangan untuk program pendidikan', 405, 0),
(1779, 815540, '2025-03-17', 'Hibah pemerintah', 401, NULL),
(1780, 484672, '2024-12-24', 'Pendapatan jasa konsultasi', 405, NULL),
(1781, 437046, '2025-01-24', 'Hasil investasi', 405, NULL),
(1782, 767197, '2025-02-06', 'Hibah pemerintah', 403, NULL),
(1783, 898253, '2025-09-15', 'Sumbangan untuk program pendidikan', 402, NULL),
(1784, 110864, '2025-06-12', 'Sumbangan acara charity', 401, NULL),
(1785, 545079, '2025-08-29', 'Donasi dari masyarakat umum', 403, NULL),
(1786, 634812, '2025-05-08', 'Hasil investasi', 401, NULL),
(1787, 156418, '2024-11-16', 'Hibah pemerintah', 401, 1),
(1788, 547084, '2024-10-24', 'Sumbangan acara charity', 402, 0),
(1789, 598693, '2024-12-04', 'Hasil penjualan produk', 402, NULL),
(1790, 449295, '2025-02-04', 'Sumbangan untuk program pendidikan', 401, 1),
(1791, 34681, '2025-04-16', 'Sumbangan untuk program pendidikan', 402, 0),
(1792, 790394, '2024-11-09', 'Hasil investasi', 401, NULL),
(1793, 790457, '2025-04-01', 'Hibah pemerintah', 403, NULL),
(1794, 800147, '2025-07-22', 'Sumbangan untuk program pendidikan', 402, NULL),
(1795, 559355, '2025-05-30', 'Hasil investasi', 403, 0),
(1796, 513984, '2025-03-08', 'Donasi dari masyarakat umum', 404, NULL),
(1797, 381378, '2025-08-01', 'Hasil penjualan produk', 402, 1),
(1798, 328795, '2025-04-25', 'Sumbangan acara charity', 402, NULL),
(1799, 133528, '2025-08-20', 'Hibah pemerintah', 403, NULL),
(1800, 280940, '2025-07-09', 'Pendapatan jasa konsultasi', 401, NULL),
(1801, 336291, '2024-11-11', 'Donasi perusahaan CSR', 401, 1),
(1802, 840687, '2025-03-09', 'Hibah pemerintah', 403, NULL),
(1803, 771977, '2024-11-20', 'Pendapatan jasa konsultasi', 405, 2),
(1804, 258559, '2025-03-13', 'Hasil penjualan produk', 403, NULL),
(1805, 112542, '2025-01-01', 'Hasil penjualan produk', 404, NULL),
(1806, 656271, '2025-02-02', 'Hibah pemerintah', 404, NULL),
(1807, 26260, '2025-04-20', 'Hasil investasi', 403, 0),
(1808, 690191, '2025-05-17', 'Pendapatan jasa konsultasi', 402, NULL),
(1809, 878742, '2025-01-26', 'Pendapatan jasa konsultasi', 401, NULL),
(1810, 518224, '2025-03-18', 'Pendapatan jasa konsultasi', 403, NULL),
(1811, 592353, '2025-06-03', 'Hibah pemerintah', 405, NULL),
(1812, 195332, '2025-08-17', 'Pendapatan dari event fundraising', 404, 2),
(1813, 916176, '2025-08-25', 'Sumbangan untuk program pendidikan', 402, NULL),
(1814, 307637, '2025-05-20', 'Donasi dari masyarakat umum', 402, NULL),
(1815, 790158, '2024-12-30', 'Donasi anonymous', 405, NULL),
(1816, 652814, '2025-09-18', 'Pendapatan jasa konsultasi', 404, NULL),
(1817, 565073, '2025-07-17', 'Hasil penjualan produk', 402, NULL),
(1818, 996147, '2025-09-18', 'Pendapatan jasa konsultasi', 404, 0),
(1819, 32610, '2025-08-25', 'Donasi anonymous', 404, 1),
(1820, 993642, '2025-05-09', 'Sumbangan untuk program pendidikan', 405, NULL),
(1821, 148210, '2024-11-19', 'Donasi anonymous', 405, NULL),
(1822, 52540, '2024-11-04', 'Donasi perusahaan CSR', 402, NULL),
(1823, 917069, '2025-02-01', 'Hasil investasi', 404, NULL),
(1824, 803709, '2024-11-30', 'Donasi anonymous', 404, NULL),
(1825, 451164, '2025-07-21', 'Pendapatan jasa konsultasi', 405, 2),
(1826, 251034, '2025-03-04', 'Hasil penjualan produk', 401, NULL),
(1827, 655170, '2025-01-18', 'Hasil penjualan produk', 404, NULL),
(1828, 430595, '2025-07-27', 'Donasi anonymous', 402, 2),
(1829, 439212, '2024-12-31', 'Hibah pemerintah', 403, 0),
(1830, 466045, '2025-09-03', 'Donasi dari masyarakat umum', 402, 0),
(1831, 278810, '2025-07-04', 'Hibah pemerintah', 403, NULL),
(1832, 579971, '2025-05-23', 'Hasil penjualan produk', 401, NULL),
(1833, 227604, '2025-08-15', 'Sumbangan acara charity', 401, NULL),
(1834, 530355, '2025-06-25', 'Donasi perusahaan CSR', 402, NULL),
(1835, 141332, '2025-04-06', 'Hasil penjualan produk', 404, 0),
(1836, 90414, '2025-07-13', 'Pendapatan dari event fundraising', 405, NULL),
(1837, 142674, '2025-08-14', 'Pendapatan jasa konsultasi', 405, NULL),
(1838, 367586, '2025-03-28', 'Hibah pemerintah', 403, NULL),
(1839, 769267, '2025-02-11', 'Donasi perusahaan CSR', 405, 2),
(1840, 37800, '2024-12-08', 'Hasil investasi', 402, 0),
(1841, 820857, '2024-12-05', 'Pendapatan jasa konsultasi', 405, 0),
(1842, 506044, '2025-04-28', 'Pendapatan jasa konsultasi', 403, NULL),
(1843, 133842, '2025-03-29', 'Hasil penjualan produk', 402, 1),
(1844, 915289, '2025-06-30', 'Pendapatan dari event fundraising', 405, 2),
(1845, 465780, '2025-02-05', 'Pendapatan jasa konsultasi', 402, NULL),
(1846, 138851, '2025-05-29', 'Donasi anonymous', 403, NULL),
(1847, 588743, '2025-02-12', 'Hasil investasi', 402, NULL),
(1848, 422453, '2025-08-02', 'Donasi dari masyarakat umum', 404, NULL),
(1849, 529865, '2025-03-18', 'Pendapatan dari event fundraising', 404, 0),
(1850, 546962, '2025-03-25', 'Hasil investasi', 405, NULL),
(1851, 314140, '2025-08-06', 'Pendapatan dari event fundraising', 401, 0),
(1852, 324674, '2024-11-28', 'Sumbangan untuk program pendidikan', 402, NULL),
(1853, 293837, '2025-10-21', 'Donasi anonymous', 403, 2),
(1854, 750989, '2024-11-15', 'Hibah pemerintah', 405, 0),
(1855, 737402, '2024-12-21', 'Hasil penjualan produk', 402, 2),
(1856, 166729, '2024-12-22', 'Pendapatan jasa konsultasi', 401, NULL),
(1857, 219100, '2025-07-22', 'Donasi dari masyarakat umum', 402, NULL),
(1858, 195336, '2025-10-18', 'Donasi perusahaan CSR', 404, 0),
(1859, 49101, '2025-10-04', 'Hasil penjualan produk', 403, 0),
(1860, 420038, '2024-10-30', 'Hasil penjualan produk', 405, 0),
(1861, 745331, '2025-07-28', 'Hibah pemerintah', 403, NULL),
(1862, 290425, '2025-06-08', 'Pendapatan dari event fundraising', 401, NULL),
(1863, 321962, '2024-10-24', 'Pendapatan jasa konsultasi', 401, 2),
(1864, 438296, '2025-03-04', 'Sumbangan untuk program pendidikan', 401, NULL),
(1865, 289001, '2024-12-09', 'Hasil investasi', 404, NULL),
(1866, 89147, '2025-04-01', 'Sumbangan untuk program pendidikan', 401, NULL),
(1867, 565931, '2025-06-17', 'Pendapatan dari event fundraising', 402, NULL),
(1868, 15283, '2025-05-11', 'Pendapatan dari event fundraising', 401, 1),
(1869, 414762, '2024-11-02', 'Sumbangan untuk program pendidikan', 401, NULL),
(1870, 144142, '2025-06-29', 'Pendapatan dari event fundraising', 404, NULL),
(1871, 627980, '2024-12-30', 'Donasi dari masyarakat umum', 402, 0),
(1872, 46638, '2025-08-23', 'Donasi dari masyarakat umum', 401, NULL),
(1873, 854197, '2025-10-10', 'Sumbangan untuk program pendidikan', 402, 2),
(1874, 372357, '2025-08-25', 'Donasi dari masyarakat umum', 402, 2),
(1875, 781010, '2025-08-16', 'Sumbangan untuk program pendidikan', 405, NULL),
(1876, 651952, '2025-09-01', 'Donasi dari masyarakat umum', 403, 0),
(1877, 346300, '2025-03-21', 'Donasi anonymous', 404, NULL),
(1878, 820596, '2025-08-16', 'Hasil investasi', 405, 2),
(1879, 465111, '2025-07-05', 'Sumbangan untuk program pendidikan', 401, 0),
(1880, 622059, '2025-03-06', 'Pendapatan jasa konsultasi', 402, NULL),
(1881, 797048, '2025-01-29', 'Donasi perusahaan CSR', 405, NULL),
(1882, 147604, '2024-11-14', 'Pendapatan dari event fundraising', 405, NULL),
(1883, 103914, '2025-06-02', 'Donasi dari masyarakat umum', 405, NULL),
(1884, 825116, '2025-02-15', 'Hasil penjualan produk', 404, NULL),
(1885, 163278, '2025-07-10', 'Hibah pemerintah', 405, NULL),
(1886, 429002, '2024-11-14', 'Sumbangan acara charity', 405, NULL),
(1887, 903684, '2025-06-07', 'Hasil penjualan produk', 404, NULL),
(1888, 761601, '2024-12-20', 'Sumbangan acara charity', 402, NULL),
(1889, 253225, '2025-02-25', 'Donasi anonymous', 403, NULL),
(1890, 733676, '2025-08-15', 'Pendapatan dari event fundraising', 402, NULL),
(1891, 19657, '2025-06-20', 'Hibah pemerintah', 403, NULL),
(1892, 464204, '2024-12-29', 'Sumbangan untuk program pendidikan', 404, NULL),
(1893, 251210, '2025-06-11', 'Pendapatan jasa konsultasi', 402, NULL),
(1894, 589131, '2025-02-15', 'Donasi anonymous', 402, 1),
(1895, 107964, '2025-03-17', 'Sumbangan untuk program pendidikan', 405, 1),
(1896, 806332, '2024-12-03', 'Pendapatan jasa konsultasi', 403, NULL),
(1897, 754138, '2025-03-22', 'Pendapatan dari event fundraising', 401, NULL),
(1898, 784718, '2024-11-12', 'Donasi dari masyarakat umum', 402, 0),
(1899, 711664, '2024-10-27', 'Hasil penjualan produk', 402, NULL),
(1900, 316024, '2025-04-08', 'Sumbangan acara charity', 402, NULL),
(1901, 688393, '2025-09-17', 'Donasi anonymous', 402, NULL),
(1902, 711744, '2025-01-23', 'Donasi perusahaan CSR', 403, NULL),
(1903, 164311, '2025-05-12', 'Hibah pemerintah', 403, 2),
(1904, 875573, '2025-10-16', 'Hibah pemerintah', 405, NULL),
(1905, 76246, '2025-07-17', 'Hibah pemerintah', 402, NULL),
(1906, 164981, '2024-11-24', 'Hasil investasi', 404, NULL),
(1907, 45667, '2025-10-04', 'Donasi dari masyarakat umum', 402, 0),
(1908, 276678, '2025-09-01', 'Donasi dari masyarakat umum', 403, NULL),
(1909, 726512, '2025-05-23', 'Hasil penjualan produk', 403, NULL),
(1910, 509097, '2024-12-27', 'Donasi dari masyarakat umum', 401, NULL),
(1911, 766854, '2025-10-16', 'Donasi perusahaan CSR', 401, NULL),
(1912, 398917, '2025-09-13', 'Hasil investasi', 403, NULL),
(1913, 223659, '2025-09-04', 'Pendapatan dari event fundraising', 404, NULL),
(1914, 818395, '2024-12-28', 'Donasi perusahaan CSR', 403, 0),
(1915, 812280, '2025-09-02', 'Donasi dari masyarakat umum', 403, NULL),
(1916, 941752, '2025-06-23', 'Hasil penjualan produk', 402, 2),
(1917, 249244, '2025-10-20', 'Donasi dari masyarakat umum', 401, NULL),
(1918, 760399, '2025-08-27', 'Pendapatan jasa konsultasi', 403, 2),
(1919, 438356, '2025-03-06', 'Hibah pemerintah', 403, 0),
(1920, 880636, '2025-03-11', 'Sumbangan acara charity', 405, NULL),
(1921, 651437, '2025-02-05', 'Hasil investasi', 401, NULL),
(1922, 398914, '2025-07-16', 'Donasi perusahaan CSR', 402, NULL),
(1923, 500654, '2025-01-27', 'Donasi anonymous', 402, 2),
(1924, 809204, '2025-04-07', 'Hasil investasi', 404, NULL),
(1925, 692430, '2025-09-07', 'Donasi anonymous', 405, NULL),
(1926, 78492, '2025-06-21', 'Donasi dari masyarakat umum', 401, 0),
(1927, 506660, '2025-09-29', 'Donasi anonymous', 401, NULL),
(1928, 825527, '2025-04-04', 'Hasil investasi', 401, 0),
(1929, 670618, '2025-08-30', 'Donasi perusahaan CSR', 402, NULL),
(1930, 309232, '2025-05-04', 'Sumbangan acara charity', 402, NULL),
(1931, 627655, '2025-07-11', 'Hasil investasi', 404, 1),
(1932, 611354, '2024-12-27', 'Pendapatan jasa konsultasi', 405, NULL),
(1933, 750524, '2025-07-11', 'Hasil penjualan produk', 401, NULL),
(1934, 231155, '2025-05-03', 'Pendapatan jasa konsultasi', 405, NULL),
(1935, 266807, '2025-02-13', 'Donasi perusahaan CSR', 402, 1),
(1936, 387596, '2025-06-04', 'Donasi dari masyarakat umum', 405, NULL),
(1937, 246680, '2025-07-02', 'Hasil penjualan produk', 405, 0),
(1938, 539111, '2025-06-29', 'Pendapatan jasa konsultasi', 401, 0),
(1939, 903046, '2024-11-19', 'Sumbangan untuk program pendidikan', 402, NULL),
(1940, 558056, '2025-07-08', 'Donasi anonymous', 405, 0),
(1941, 470085, '2025-06-11', 'Sumbangan acara charity', 401, NULL),
(1942, 500769, '2025-05-15', 'Donasi perusahaan CSR', 401, NULL),
(1943, 631266, '2024-12-16', 'Hasil investasi', 401, NULL),
(1944, 658881, '2025-06-29', 'Donasi anonymous', 405, NULL),
(1945, 63311, '2025-09-12', 'Donasi perusahaan CSR', 401, 0),
(1946, 161404, '2025-03-28', 'Pendapatan jasa konsultasi', 402, NULL),
(1947, 453682, '2025-07-04', 'Pendapatan jasa konsultasi', 402, NULL),
(1948, 407175, '2025-07-19', 'Hasil investasi', 401, 1),
(1949, 929491, '2025-07-26', 'Donasi anonymous', 402, NULL),
(1950, 38622, '2024-11-12', 'Hibah pemerintah', 403, 1),
(1951, 706526, '2025-06-05', 'Donasi anonymous', 405, NULL),
(1952, 90319, '2025-06-29', 'Hasil penjualan produk', 403, 0),
(1953, 290658, '2025-02-24', 'Sumbangan acara charity', 403, NULL),
(1954, 823340, '2025-02-28', 'Hibah pemerintah', 404, NULL),
(1955, 603402, '2025-01-14', 'Pendapatan dari event fundraising', 402, NULL),
(1956, 528042, '2025-03-29', 'Sumbangan acara charity', 403, NULL),
(1957, 844277, '2025-09-07', 'Hasil investasi', 401, NULL),
(1958, 31507, '2024-12-17', 'Donasi anonymous', 405, NULL),
(1959, 788553, '2025-06-23', 'Donasi anonymous', 402, NULL),
(1960, 838364, '2025-08-15', 'Donasi anonymous', 401, NULL),
(1961, 335328, '2024-11-13', 'Donasi perusahaan CSR', 404, 0),
(1962, 56826, '2024-12-07', 'Pendapatan dari event fundraising', 404, 1),
(1963, 907788, '2025-06-15', 'Sumbangan untuk program pendidikan', 403, NULL),
(1964, 457779, '2025-10-01', 'Pendapatan jasa konsultasi', 405, NULL),
(1965, 364448, '2025-03-06', 'Sumbangan untuk program pendidikan', 403, 1),
(1966, 306596, '2025-07-14', 'Pendapatan dari event fundraising', 404, 1),
(1967, 492651, '2025-08-23', 'Donasi perusahaan CSR', 403, NULL),
(1968, 517376, '2025-06-05', 'Sumbangan untuk program pendidikan', 405, NULL),
(1969, 272563, '2025-09-23', 'Hasil investasi', 405, 0),
(1970, 135257, '2025-06-30', 'Pendapatan jasa konsultasi', 404, NULL),
(1971, 436054, '2025-06-10', 'Donasi perusahaan CSR', 402, 2),
(1972, 476074, '2025-05-20', 'Donasi dari masyarakat umum', 401, 0),
(1973, 442429, '2025-05-15', 'Hasil investasi', 401, NULL),
(1974, 108429, '2024-11-21', 'Hibah pemerintah', 401, 0),
(1975, 397665, '2025-09-29', 'Pendapatan dari event fundraising', 403, NULL),
(1976, 973265, '2025-09-03', 'Pendapatan dari event fundraising', 402, NULL),
(1977, 237971, '2025-01-25', 'Sumbangan untuk program pendidikan', 404, NULL),
(1978, 253644, '2025-04-30', 'Hasil investasi', 404, 1),
(1979, 551514, '2025-08-29', 'Hasil investasi', 401, NULL),
(1980, 215772, '2025-10-02', 'Sumbangan acara charity', 401, NULL),
(1981, 587466, '2025-09-12', 'Donasi dari masyarakat umum', 403, NULL),
(1982, 783718, '2025-01-04', 'Donasi perusahaan CSR', 405, NULL),
(1983, 230351, '2025-01-16', 'Pendapatan dari event fundraising', 401, NULL),
(1984, 263995, '2025-04-27', 'Donasi perusahaan CSR', 405, NULL),
(1985, 79040, '2025-06-10', 'Sumbangan acara charity', 404, NULL),
(1986, 307078, '2025-01-04', 'Pendapatan jasa konsultasi', 403, 1),
(1987, 286851, '2025-05-27', 'Pendapatan jasa konsultasi', 404, 0),
(1988, 947970, '2024-12-18', 'Donasi perusahaan CSR', 403, NULL),
(1989, 982334, '2025-01-23', 'Pendapatan jasa konsultasi', 402, 0),
(1990, 373679, '2025-08-17', 'Hibah pemerintah', 401, 1),
(1991, 880681, '2025-08-11', 'Donasi perusahaan CSR', 404, NULL),
(1992, 836708, '2024-12-06', 'Donasi anonymous', 405, 0),
(1993, 599469, '2025-05-13', 'Sumbangan untuk program pendidikan', 404, 0),
(1994, 73567, '2024-12-04', 'Hibah pemerintah', 405, NULL),
(1995, 335561, '2025-01-20', 'Donasi anonymous', 405, NULL),
(1996, 974393, '2025-05-22', 'Sumbangan untuk program pendidikan', 403, 0),
(1997, 950983, '2024-10-23', 'Donasi anonymous', 404, NULL),
(1998, 160186, '2025-03-17', 'Hasil penjualan produk', 405, NULL),
(1999, 940706, '2024-12-25', 'Donasi perusahaan CSR', 403, 2),
(2000, 533852, '2025-09-21', 'Sumbangan acara charity', 402, NULL)
ON CONFLICT (id) DO NOTHING;

-- Insert Financial Report Implementation records
INSERT INTO financialreport_impl (id) VALUES
(1001),
(1002),
(1003),
(1004),
(1005),
(1006),
(1007),
(1008),
(1009),
(1010),
(1011),
(1012),
(1013),
(1014),
(1015),
(1016),
(1017),
(1018),
(1019),
(1020),
(1021),
(1022),
(1023),
(1024),
(1025),
(1026),
(1027),
(1028),
(1029),
(1030),
(1031),
(1032),
(1033),
(1034),
(1035),
(1036),
(1037),
(1038),
(1039),
(1040),
(1041),
(1042),
(1043),
(1044),
(1045),
(1046),
(1047),
(1048),
(1049),
(1050),
(1051),
(1052),
(1053),
(1054),
(1055),
(1056),
(1057),
(1058),
(1059),
(1060),
(1061),
(1062),
(1063),
(1064),
(1065),
(1066),
(1067),
(1068),
(1069),
(1070),
(1071),
(1072),
(1073),
(1074),
(1075),
(1076),
(1077),
(1078),
(1079),
(1080),
(1081),
(1082),
(1083),
(1084),
(1085),
(1086),
(1087),
(1088),
(1089),
(1090),
(1091),
(1092),
(1093),
(1094),
(1095),
(1096),
(1097),
(1098),
(1099),
(1100),
(1101),
(1102),
(1103),
(1104),
(1105),
(1106),
(1107),
(1108),
(1109),
(1110),
(1111),
(1112),
(1113),
(1114),
(1115),
(1116),
(1117),
(1118),
(1119),
(1120),
(1121),
(1122),
(1123),
(1124),
(1125),
(1126),
(1127),
(1128),
(1129),
(1130),
(1131),
(1132),
(1133),
(1134),
(1135),
(1136),
(1137),
(1138),
(1139),
(1140),
(1141),
(1142),
(1143),
(1144),
(1145),
(1146),
(1147),
(1148),
(1149),
(1150),
(1151),
(1152),
(1153),
(1154),
(1155),
(1156),
(1157),
(1158),
(1159),
(1160),
(1161),
(1162),
(1163),
(1164),
(1165),
(1166),
(1167),
(1168),
(1169),
(1170),
(1171),
(1172),
(1173),
(1174),
(1175),
(1176),
(1177),
(1178),
(1179),
(1180),
(1181),
(1182),
(1183),
(1184),
(1185),
(1186),
(1187),
(1188),
(1189),
(1190),
(1191),
(1192),
(1193),
(1194),
(1195),
(1196),
(1197),
(1198),
(1199),
(1200),
(1201),
(1202),
(1203),
(1204),
(1205),
(1206),
(1207),
(1208),
(1209),
(1210),
(1211),
(1212),
(1213),
(1214),
(1215),
(1216),
(1217),
(1218),
(1219),
(1220),
(1221),
(1222),
(1223),
(1224),
(1225),
(1226),
(1227),
(1228),
(1229),
(1230),
(1231),
(1232),
(1233),
(1234),
(1235),
(1236),
(1237),
(1238),
(1239),
(1240),
(1241),
(1242),
(1243),
(1244),
(1245),
(1246),
(1247),
(1248),
(1249),
(1250),
(1251),
(1252),
(1253),
(1254),
(1255),
(1256),
(1257),
(1258),
(1259),
(1260),
(1261),
(1262),
(1263),
(1264),
(1265),
(1266),
(1267),
(1268),
(1269),
(1270),
(1271),
(1272),
(1273),
(1274),
(1275),
(1276),
(1277),
(1278),
(1279),
(1280),
(1281),
(1282),
(1283),
(1284),
(1285),
(1286),
(1287),
(1288),
(1289),
(1290),
(1291),
(1292),
(1293),
(1294),
(1295),
(1296),
(1297),
(1298),
(1299),
(1300),
(1301),
(1302),
(1303),
(1304),
(1305),
(1306),
(1307),
(1308),
(1309),
(1310),
(1311),
(1312),
(1313),
(1314),
(1315),
(1316),
(1317),
(1318),
(1319),
(1320),
(1321),
(1322),
(1323),
(1324),
(1325),
(1326),
(1327),
(1328),
(1329),
(1330),
(1331),
(1332),
(1333),
(1334),
(1335),
(1336),
(1337),
(1338),
(1339),
(1340),
(1341),
(1342),
(1343),
(1344),
(1345),
(1346),
(1347),
(1348),
(1349),
(1350),
(1351),
(1352),
(1353),
(1354),
(1355),
(1356),
(1357),
(1358),
(1359),
(1360),
(1361),
(1362),
(1363),
(1364),
(1365),
(1366),
(1367),
(1368),
(1369),
(1370),
(1371),
(1372),
(1373),
(1374),
(1375),
(1376),
(1377),
(1378),
(1379),
(1380),
(1381),
(1382),
(1383),
(1384),
(1385),
(1386),
(1387),
(1388),
(1389),
(1390),
(1391),
(1392),
(1393),
(1394),
(1395),
(1396),
(1397),
(1398),
(1399),
(1400),
(1401),
(1402),
(1403),
(1404),
(1405),
(1406),
(1407),
(1408),
(1409),
(1410),
(1411),
(1412),
(1413),
(1414),
(1415),
(1416),
(1417),
(1418),
(1419),
(1420),
(1421),
(1422),
(1423),
(1424),
(1425),
(1426),
(1427),
(1428),
(1429),
(1430),
(1431),
(1432),
(1433),
(1434),
(1435),
(1436),
(1437),
(1438),
(1439),
(1440),
(1441),
(1442),
(1443),
(1444),
(1445),
(1446),
(1447),
(1448),
(1449),
(1450),
(1451),
(1452),
(1453),
(1454),
(1455),
(1456),
(1457),
(1458),
(1459),
(1460),
(1461),
(1462),
(1463),
(1464),
(1465),
(1466),
(1467),
(1468),
(1469),
(1470),
(1471),
(1472),
(1473),
(1474),
(1475),
(1476),
(1477),
(1478),
(1479),
(1480),
(1481),
(1482),
(1483),
(1484),
(1485),
(1486),
(1487),
(1488),
(1489),
(1490),
(1491),
(1492),
(1493),
(1494),
(1495),
(1496),
(1497),
(1498),
(1499),
(1500),
(1501),
(1502),
(1503),
(1504),
(1505),
(1506),
(1507),
(1508),
(1509),
(1510),
(1511),
(1512),
(1513),
(1514),
(1515),
(1516),
(1517),
(1518),
(1519),
(1520),
(1521),
(1522),
(1523),
(1524),
(1525),
(1526),
(1527),
(1528),
(1529),
(1530),
(1531),
(1532),
(1533),
(1534),
(1535),
(1536),
(1537),
(1538),
(1539),
(1540),
(1541),
(1542),
(1543),
(1544),
(1545),
(1546),
(1547),
(1548),
(1549),
(1550),
(1551),
(1552),
(1553),
(1554),
(1555),
(1556),
(1557),
(1558),
(1559),
(1560),
(1561),
(1562),
(1563),
(1564),
(1565),
(1566),
(1567),
(1568),
(1569),
(1570),
(1571),
(1572),
(1573),
(1574),
(1575),
(1576),
(1577),
(1578),
(1579),
(1580),
(1581),
(1582),
(1583),
(1584),
(1585),
(1586),
(1587),
(1588),
(1589),
(1590),
(1591),
(1592),
(1593),
(1594),
(1595),
(1596),
(1597),
(1598),
(1599),
(1600),
(1601),
(1602),
(1603),
(1604),
(1605),
(1606),
(1607),
(1608),
(1609),
(1610),
(1611),
(1612),
(1613),
(1614),
(1615),
(1616),
(1617),
(1618),
(1619),
(1620),
(1621),
(1622),
(1623),
(1624),
(1625),
(1626),
(1627),
(1628),
(1629),
(1630),
(1631),
(1632),
(1633),
(1634),
(1635),
(1636),
(1637),
(1638),
(1639),
(1640),
(1641),
(1642),
(1643),
(1644),
(1645),
(1646),
(1647),
(1648),
(1649),
(1650),
(1651),
(1652),
(1653),
(1654),
(1655),
(1656),
(1657),
(1658),
(1659),
(1660),
(1661),
(1662),
(1663),
(1664),
(1665),
(1666),
(1667),
(1668),
(1669),
(1670),
(1671),
(1672),
(1673),
(1674),
(1675),
(1676),
(1677),
(1678),
(1679),
(1680),
(1681),
(1682),
(1683),
(1684),
(1685),
(1686),
(1687),
(1688),
(1689),
(1690),
(1691),
(1692),
(1693),
(1694),
(1695),
(1696),
(1697),
(1698),
(1699),
(1700),
(1701),
(1702),
(1703),
(1704),
(1705),
(1706),
(1707),
(1708),
(1709),
(1710),
(1711),
(1712),
(1713),
(1714),
(1715),
(1716),
(1717),
(1718),
(1719),
(1720),
(1721),
(1722),
(1723),
(1724),
(1725),
(1726),
(1727),
(1728),
(1729),
(1730),
(1731),
(1732),
(1733),
(1734),
(1735),
(1736),
(1737),
(1738),
(1739),
(1740),
(1741),
(1742),
(1743),
(1744),
(1745),
(1746),
(1747),
(1748),
(1749),
(1750),
(1751),
(1752),
(1753),
(1754),
(1755),
(1756),
(1757),
(1758),
(1759),
(1760),
(1761),
(1762),
(1763),
(1764),
(1765),
(1766),
(1767),
(1768),
(1769),
(1770),
(1771),
(1772),
(1773),
(1774),
(1775),
(1776),
(1777),
(1778),
(1779),
(1780),
(1781),
(1782),
(1783),
(1784),
(1785),
(1786),
(1787),
(1788),
(1789),
(1790),
(1791),
(1792),
(1793),
(1794),
(1795),
(1796),
(1797),
(1798),
(1799),
(1800),
(1801),
(1802),
(1803),
(1804),
(1805),
(1806),
(1807),
(1808),
(1809),
(1810),
(1811),
(1812),
(1813),
(1814),
(1815),
(1816),
(1817),
(1818),
(1819),
(1820),
(1821),
(1822),
(1823),
(1824),
(1825),
(1826),
(1827),
(1828),
(1829),
(1830),
(1831),
(1832),
(1833),
(1834),
(1835),
(1836),
(1837),
(1838),
(1839),
(1840),
(1841),
(1842),
(1843),
(1844),
(1845),
(1846),
(1847),
(1848),
(1849),
(1850),
(1851),
(1852),
(1853),
(1854),
(1855),
(1856),
(1857),
(1858),
(1859),
(1860),
(1861),
(1862),
(1863),
(1864),
(1865),
(1866),
(1867),
(1868),
(1869),
(1870),
(1871),
(1872),
(1873),
(1874),
(1875),
(1876),
(1877),
(1878),
(1879),
(1880),
(1881),
(1882),
(1883),
(1884),
(1885),
(1886),
(1887),
(1888),
(1889),
(1890),
(1891),
(1892),
(1893),
(1894),
(1895),
(1896),
(1897),
(1898),
(1899),
(1900),
(1901),
(1902),
(1903),
(1904),
(1905),
(1906),
(1907),
(1908),
(1909),
(1910),
(1911),
(1912),
(1913),
(1914),
(1915),
(1916),
(1917),
(1918),
(1919),
(1920),
(1921),
(1922),
(1923),
(1924),
(1925),
(1926),
(1927),
(1928),
(1929),
(1930),
(1931),
(1932),
(1933),
(1934),
(1935),
(1936),
(1937),
(1938),
(1939),
(1940),
(1941),
(1942),
(1943),
(1944),
(1945),
(1946),
(1947),
(1948),
(1949),
(1950),
(1951),
(1952),
(1953),
(1954),
(1955),
(1956),
(1957),
(1958),
(1959),
(1960),
(1961),
(1962),
(1963),
(1964),
(1965),
(1966),
(1967),
(1968),
(1969),
(1970),
(1971),
(1972),
(1973),
(1974),
(1975),
(1976),
(1977),
(1978),
(1979),
(1980),
(1981),
(1982),
(1983),
(1984),
(1985),
(1986),
(1987),
(1988),
(1989),
(1990),
(1991),
(1992),
(1993),
(1994),
(1995),
(1996),
(1997),
(1998),
(1999),
(2000)
ON CONFLICT (id) DO NOTHING;

-- Insert Income-specific records with payment method
INSERT INTO financialreport_income (id, paymentmethod) VALUES
(1001, 'E-Wallet'),
(1002, 'Kartu Debit'),
(1003, 'E-Wallet'),
(1004, 'Transfer Bank'),
(1005, 'Cash'),
(1006, 'Kartu Debit'),
(1007, 'Kartu Debit'),
(1008, 'Kartu Debit'),
(1009, 'Kartu Debit'),
(1010, 'Kartu Kredit'),
(1011, 'Cash'),
(1012, 'Cash'),
(1013, 'Kartu Debit'),
(1014, 'Cash'),
(1015, 'Transfer Bank'),
(1016, 'Kartu Debit'),
(1017, 'Cash'),
(1018, 'E-Wallet'),
(1019, 'Cash'),
(1020, 'Kartu Debit'),
(1021, 'Kartu Kredit'),
(1022, 'Kartu Debit'),
(1023, 'E-Wallet'),
(1024, 'Kartu Debit'),
(1025, 'Transfer Bank'),
(1026, 'E-Wallet'),
(1027, 'Kartu Kredit'),
(1028, 'Transfer Bank'),
(1029, 'Cash'),
(1030, 'Cash'),
(1031, 'Cash'),
(1032, 'Cash'),
(1033, 'Transfer Bank'),
(1034, 'Kartu Kredit'),
(1035, 'Kartu Kredit'),
(1036, 'Transfer Bank'),
(1037, 'E-Wallet'),
(1038, 'E-Wallet'),
(1039, 'Kartu Debit'),
(1040, 'Kartu Kredit'),
(1041, 'Kartu Debit'),
(1042, 'Kartu Debit'),
(1043, 'Kartu Kredit'),
(1044, 'Kartu Kredit'),
(1045, 'Transfer Bank'),
(1046, 'Kartu Debit'),
(1047, 'Kartu Kredit'),
(1048, 'Kartu Kredit'),
(1049, 'Transfer Bank'),
(1050, 'Kartu Kredit'),
(1051, 'Kartu Kredit'),
(1052, 'Cash'),
(1053, 'Kartu Kredit'),
(1054, 'Cash'),
(1055, 'Cash'),
(1056, 'E-Wallet'),
(1057, 'Kartu Debit'),
(1058, 'Kartu Kredit'),
(1059, 'Kartu Kredit'),
(1060, 'Transfer Bank'),
(1061, 'Transfer Bank'),
(1062, 'Cash'),
(1063, 'Cash'),
(1064, 'Transfer Bank'),
(1065, 'Transfer Bank'),
(1066, 'Cash'),
(1067, 'Cash'),
(1068, 'Kartu Kredit'),
(1069, 'Transfer Bank'),
(1070, 'E-Wallet'),
(1071, 'Kartu Debit'),
(1072, 'Transfer Bank'),
(1073, 'E-Wallet'),
(1074, 'Transfer Bank'),
(1075, 'Kartu Debit'),
(1076, 'Kartu Kredit'),
(1077, 'Kartu Debit'),
(1078, 'E-Wallet'),
(1079, 'E-Wallet'),
(1080, 'Kartu Kredit'),
(1081, 'Kartu Debit'),
(1082, 'E-Wallet'),
(1083, 'Kartu Kredit'),
(1084, 'Kartu Kredit'),
(1085, 'Cash'),
(1086, 'Kartu Kredit'),
(1087, 'E-Wallet'),
(1088, 'Kartu Kredit'),
(1089, 'Transfer Bank'),
(1090, 'Transfer Bank'),
(1091, 'Kartu Kredit'),
(1092, 'Kartu Debit'),
(1093, 'E-Wallet'),
(1094, 'Transfer Bank'),
(1095, 'Cash'),
(1096, 'Kartu Kredit'),
(1097, 'Transfer Bank'),
(1098, 'Kartu Debit'),
(1099, 'Transfer Bank'),
(1100, 'Kartu Kredit'),
(1101, 'Kartu Debit'),
(1102, 'Transfer Bank'),
(1103, 'Cash'),
(1104, 'E-Wallet'),
(1105, 'Kartu Debit'),
(1106, 'Transfer Bank'),
(1107, 'Cash'),
(1108, 'Kartu Debit'),
(1109, 'Kartu Debit'),
(1110, 'Kartu Debit'),
(1111, 'Transfer Bank'),
(1112, 'Cash'),
(1113, 'Cash'),
(1114, 'Transfer Bank'),
(1115, 'Transfer Bank'),
(1116, 'Cash'),
(1117, 'Cash'),
(1118, 'Kartu Kredit'),
(1119, 'Kartu Debit'),
(1120, 'Kartu Kredit'),
(1121, 'E-Wallet'),
(1122, 'Kartu Kredit'),
(1123, 'Kartu Debit'),
(1124, 'Transfer Bank'),
(1125, 'Transfer Bank'),
(1126, 'Kartu Debit'),
(1127, 'Cash'),
(1128, 'Kartu Kredit'),
(1129, 'Kartu Kredit'),
(1130, 'Kartu Debit'),
(1131, 'Kartu Kredit'),
(1132, 'Kartu Kredit'),
(1133, 'Kartu Debit'),
(1134, 'Kartu Debit'),
(1135, 'Kartu Kredit'),
(1136, 'Cash'),
(1137, 'Transfer Bank'),
(1138, 'Cash'),
(1139, 'Cash'),
(1140, 'Cash'),
(1141, 'Kartu Kredit'),
(1142, 'Transfer Bank'),
(1143, 'E-Wallet'),
(1144, 'Kartu Kredit'),
(1145, 'E-Wallet'),
(1146, 'Kartu Debit'),
(1147, 'Kartu Debit'),
(1148, 'E-Wallet'),
(1149, 'Kartu Kredit'),
(1150, 'E-Wallet'),
(1151, 'Kartu Debit'),
(1152, 'Kartu Kredit'),
(1153, 'Cash'),
(1154, 'Cash'),
(1155, 'Transfer Bank'),
(1156, 'Kartu Kredit'),
(1157, 'Kartu Kredit'),
(1158, 'Transfer Bank'),
(1159, 'Transfer Bank'),
(1160, 'E-Wallet'),
(1161, 'E-Wallet'),
(1162, 'Transfer Bank'),
(1163, 'Kartu Kredit'),
(1164, 'Transfer Bank'),
(1165, 'Kartu Debit'),
(1166, 'Transfer Bank'),
(1167, 'Cash'),
(1168, 'Kartu Debit'),
(1169, 'E-Wallet'),
(1170, 'Kartu Debit'),
(1171, 'Kartu Kredit'),
(1172, 'E-Wallet'),
(1173, 'E-Wallet'),
(1174, 'Kartu Kredit'),
(1175, 'Kartu Debit'),
(1176, 'Kartu Debit'),
(1177, 'Kartu Debit'),
(1178, 'E-Wallet'),
(1179, 'Kartu Debit'),
(1180, 'Cash'),
(1181, 'Cash'),
(1182, 'E-Wallet'),
(1183, 'Cash'),
(1184, 'Kartu Debit'),
(1185, 'Cash'),
(1186, 'E-Wallet'),
(1187, 'Transfer Bank'),
(1188, 'Kartu Kredit'),
(1189, 'E-Wallet'),
(1190, 'Kartu Debit'),
(1191, 'Kartu Debit'),
(1192, 'E-Wallet'),
(1193, 'Transfer Bank'),
(1194, 'E-Wallet'),
(1195, 'Cash'),
(1196, 'Cash'),
(1197, 'Cash'),
(1198, 'Cash'),
(1199, 'E-Wallet'),
(1200, 'Kartu Debit'),
(1201, 'E-Wallet'),
(1202, 'Cash'),
(1203, 'Cash'),
(1204, 'Transfer Bank'),
(1205, 'Kartu Kredit'),
(1206, 'Kartu Debit'),
(1207, 'E-Wallet'),
(1208, 'Kartu Kredit'),
(1209, 'Kartu Debit'),
(1210, 'Kartu Debit'),
(1211, 'Kartu Debit'),
(1212, 'Kartu Kredit'),
(1213, 'Kartu Kredit'),
(1214, 'Kartu Debit'),
(1215, 'Kartu Kredit'),
(1216, 'Transfer Bank'),
(1217, 'Cash'),
(1218, 'Kartu Kredit'),
(1219, 'Transfer Bank'),
(1220, 'Transfer Bank'),
(1221, 'Transfer Bank'),
(1222, 'Cash'),
(1223, 'Cash'),
(1224, 'E-Wallet'),
(1225, 'Cash'),
(1226, 'Transfer Bank'),
(1227, 'Transfer Bank'),
(1228, 'Kartu Kredit'),
(1229, 'Transfer Bank'),
(1230, 'E-Wallet'),
(1231, 'Kartu Debit'),
(1232, 'Transfer Bank'),
(1233, 'Kartu Kredit'),
(1234, 'E-Wallet'),
(1235, 'Kartu Debit'),
(1236, 'E-Wallet'),
(1237, 'Kartu Debit'),
(1238, 'Cash'),
(1239, 'Kartu Debit'),
(1240, 'Kartu Debit'),
(1241, 'Kartu Kredit'),
(1242, 'Cash'),
(1243, 'Transfer Bank'),
(1244, 'Cash'),
(1245, 'Kartu Debit'),
(1246, 'Kartu Kredit'),
(1247, 'Kartu Debit'),
(1248, 'Transfer Bank'),
(1249, 'E-Wallet'),
(1250, 'Transfer Bank'),
(1251, 'Kartu Kredit'),
(1252, 'Kartu Debit'),
(1253, 'Kartu Kredit'),
(1254, 'Transfer Bank'),
(1255, 'E-Wallet'),
(1256, 'Kartu Debit'),
(1257, 'Kartu Debit'),
(1258, 'Cash'),
(1259, 'Transfer Bank'),
(1260, 'Cash'),
(1261, 'Cash'),
(1262, 'Kartu Debit'),
(1263, 'E-Wallet'),
(1264, 'Cash'),
(1265, 'Cash'),
(1266, 'Cash'),
(1267, 'Kartu Kredit'),
(1268, 'E-Wallet'),
(1269, 'Transfer Bank'),
(1270, 'Cash'),
(1271, 'Transfer Bank'),
(1272, 'Transfer Bank'),
(1273, 'Kartu Kredit'),
(1274, 'Transfer Bank'),
(1275, 'E-Wallet'),
(1276, 'E-Wallet'),
(1277, 'Cash'),
(1278, 'Kartu Debit'),
(1279, 'Kartu Debit'),
(1280, 'Kartu Kredit'),
(1281, 'Kartu Kredit'),
(1282, 'Transfer Bank'),
(1283, 'E-Wallet'),
(1284, 'Cash'),
(1285, 'Cash'),
(1286, 'Kartu Kredit'),
(1287, 'E-Wallet'),
(1288, 'Cash'),
(1289, 'Cash'),
(1290, 'E-Wallet'),
(1291, 'Kartu Kredit'),
(1292, 'Transfer Bank'),
(1293, 'Transfer Bank'),
(1294, 'E-Wallet'),
(1295, 'Transfer Bank'),
(1296, 'Transfer Bank'),
(1297, 'Cash'),
(1298, 'Transfer Bank'),
(1299, 'Cash'),
(1300, 'Kartu Debit'),
(1301, 'Cash'),
(1302, 'Transfer Bank'),
(1303, 'E-Wallet'),
(1304, 'E-Wallet'),
(1305, 'Kartu Kredit'),
(1306, 'Transfer Bank'),
(1307, 'Kartu Kredit'),
(1308, 'Cash'),
(1309, 'Kartu Debit'),
(1310, 'Kartu Kredit'),
(1311, 'Cash'),
(1312, 'Transfer Bank'),
(1313, 'E-Wallet'),
(1314, 'Transfer Bank'),
(1315, 'Kartu Debit'),
(1316, 'Transfer Bank'),
(1317, 'Kartu Kredit'),
(1318, 'Transfer Bank'),
(1319, 'Kartu Kredit'),
(1320, 'Cash'),
(1321, 'Kartu Kredit'),
(1322, 'Cash'),
(1323, 'Kartu Debit'),
(1324, 'E-Wallet'),
(1325, 'E-Wallet'),
(1326, 'Cash'),
(1327, 'Kartu Kredit'),
(1328, 'Kartu Debit'),
(1329, 'Cash'),
(1330, 'Cash'),
(1331, 'E-Wallet'),
(1332, 'Cash'),
(1333, 'Kartu Kredit'),
(1334, 'E-Wallet'),
(1335, 'Transfer Bank'),
(1336, 'E-Wallet'),
(1337, 'Kartu Kredit'),
(1338, 'Transfer Bank'),
(1339, 'Cash'),
(1340, 'Kartu Debit'),
(1341, 'Kartu Kredit'),
(1342, 'Kartu Kredit'),
(1343, 'Kartu Kredit'),
(1344, 'E-Wallet'),
(1345, 'Cash'),
(1346, 'Cash'),
(1347, 'Cash'),
(1348, 'Kartu Debit'),
(1349, 'Transfer Bank'),
(1350, 'Transfer Bank'),
(1351, 'E-Wallet'),
(1352, 'Kartu Debit'),
(1353, 'E-Wallet'),
(1354, 'E-Wallet'),
(1355, 'Kartu Debit'),
(1356, 'Transfer Bank'),
(1357, 'Kartu Kredit'),
(1358, 'Kartu Debit'),
(1359, 'Transfer Bank'),
(1360, 'E-Wallet'),
(1361, 'Kartu Kredit'),
(1362, 'Kartu Kredit'),
(1363, 'Kartu Kredit'),
(1364, 'Kartu Debit'),
(1365, 'Kartu Debit'),
(1366, 'Transfer Bank'),
(1367, 'Transfer Bank'),
(1368, 'Cash'),
(1369, 'Cash'),
(1370, 'Kartu Debit'),
(1371, 'Transfer Bank'),
(1372, 'Cash'),
(1373, 'Transfer Bank'),
(1374, 'E-Wallet'),
(1375, 'E-Wallet'),
(1376, 'Transfer Bank'),
(1377, 'Kartu Kredit'),
(1378, 'Kartu Debit'),
(1379, 'Kartu Kredit'),
(1380, 'Cash'),
(1381, 'Kartu Debit'),
(1382, 'Cash'),
(1383, 'Kartu Debit'),
(1384, 'Transfer Bank'),
(1385, 'E-Wallet'),
(1386, 'Kartu Debit'),
(1387, 'Kartu Debit'),
(1388, 'Transfer Bank'),
(1389, 'Kartu Kredit'),
(1390, 'Transfer Bank'),
(1391, 'Cash'),
(1392, 'Transfer Bank'),
(1393, 'E-Wallet'),
(1394, 'Transfer Bank'),
(1395, 'E-Wallet'),
(1396, 'Kartu Kredit'),
(1397, 'E-Wallet'),
(1398, 'Transfer Bank'),
(1399, 'Transfer Bank'),
(1400, 'Kartu Debit'),
(1401, 'Kartu Debit'),
(1402, 'Cash'),
(1403, 'Kartu Kredit'),
(1404, 'Cash'),
(1405, 'Transfer Bank'),
(1406, 'Kartu Debit'),
(1407, 'Kartu Kredit'),
(1408, 'Transfer Bank'),
(1409, 'E-Wallet'),
(1410, 'Cash'),
(1411, 'Cash'),
(1412, 'E-Wallet'),
(1413, 'Transfer Bank'),
(1414, 'Transfer Bank'),
(1415, 'Cash'),
(1416, 'Kartu Kredit'),
(1417, 'Kartu Debit'),
(1418, 'Kartu Debit'),
(1419, 'Kartu Kredit'),
(1420, 'Transfer Bank'),
(1421, 'Cash'),
(1422, 'Transfer Bank'),
(1423, 'Kartu Debit'),
(1424, 'Kartu Debit'),
(1425, 'Transfer Bank'),
(1426, 'Kartu Debit'),
(1427, 'Kartu Kredit'),
(1428, 'E-Wallet'),
(1429, 'Kartu Kredit'),
(1430, 'Kartu Kredit'),
(1431, 'Transfer Bank'),
(1432, 'E-Wallet'),
(1433, 'Cash'),
(1434, 'Cash'),
(1435, 'Cash'),
(1436, 'Kartu Kredit'),
(1437, 'Kartu Kredit'),
(1438, 'Kartu Debit'),
(1439, 'Cash'),
(1440, 'Cash'),
(1441, 'Transfer Bank'),
(1442, 'Kartu Kredit'),
(1443, 'E-Wallet'),
(1444, 'E-Wallet'),
(1445, 'Cash'),
(1446, 'E-Wallet'),
(1447, 'E-Wallet'),
(1448, 'Kartu Kredit'),
(1449, 'Kartu Debit'),
(1450, 'Kartu Debit'),
(1451, 'Kartu Debit'),
(1452, 'Cash'),
(1453, 'Kartu Kredit'),
(1454, 'E-Wallet'),
(1455, 'E-Wallet'),
(1456, 'Kartu Kredit'),
(1457, 'Cash'),
(1458, 'Cash'),
(1459, 'Transfer Bank'),
(1460, 'Kartu Debit'),
(1461, 'E-Wallet'),
(1462, 'E-Wallet'),
(1463, 'Cash'),
(1464, 'Kartu Kredit'),
(1465, 'Kartu Kredit'),
(1466, 'Kartu Kredit'),
(1467, 'Transfer Bank'),
(1468, 'Kartu Kredit'),
(1469, 'Transfer Bank'),
(1470, 'Cash'),
(1471, 'Kartu Debit'),
(1472, 'Transfer Bank'),
(1473, 'E-Wallet'),
(1474, 'Kartu Debit'),
(1475, 'Kartu Kredit'),
(1476, 'Kartu Debit'),
(1477, 'Transfer Bank'),
(1478, 'E-Wallet'),
(1479, 'Cash'),
(1480, 'Cash'),
(1481, 'Transfer Bank'),
(1482, 'Kartu Kredit'),
(1483, 'Cash'),
(1484, 'Kartu Debit'),
(1485, 'Transfer Bank'),
(1486, 'Kartu Kredit'),
(1487, 'Kartu Debit'),
(1488, 'Kartu Debit'),
(1489, 'Cash'),
(1490, 'E-Wallet'),
(1491, 'Kartu Kredit'),
(1492, 'Cash'),
(1493, 'Cash'),
(1494, 'Cash'),
(1495, 'Kartu Kredit'),
(1496, 'E-Wallet'),
(1497, 'Cash'),
(1498, 'Cash'),
(1499, 'Kartu Debit'),
(1500, 'Cash'),
(1501, 'Cash'),
(1502, 'Cash'),
(1503, 'Transfer Bank'),
(1504, 'E-Wallet'),
(1505, 'Kartu Kredit'),
(1506, 'Transfer Bank'),
(1507, 'Kartu Debit'),
(1508, 'Cash'),
(1509, 'Cash'),
(1510, 'Transfer Bank'),
(1511, 'Cash'),
(1512, 'E-Wallet'),
(1513, 'Kartu Debit'),
(1514, 'Transfer Bank'),
(1515, 'Transfer Bank'),
(1516, 'E-Wallet'),
(1517, 'E-Wallet'),
(1518, 'Kartu Debit'),
(1519, 'Cash'),
(1520, 'Transfer Bank'),
(1521, 'Kartu Kredit'),
(1522, 'E-Wallet'),
(1523, 'Transfer Bank'),
(1524, 'Transfer Bank'),
(1525, 'Kartu Kredit'),
(1526, 'Transfer Bank'),
(1527, 'Kartu Debit'),
(1528, 'E-Wallet'),
(1529, 'E-Wallet'),
(1530, 'Kartu Kredit'),
(1531, 'Cash'),
(1532, 'Cash'),
(1533, 'Cash'),
(1534, 'Kartu Kredit'),
(1535, 'E-Wallet'),
(1536, 'Kartu Debit'),
(1537, 'Kartu Debit'),
(1538, 'E-Wallet'),
(1539, 'Kartu Kredit'),
(1540, 'Kartu Kredit'),
(1541, 'Kartu Debit'),
(1542, 'Kartu Debit'),
(1543, 'Kartu Kredit'),
(1544, 'E-Wallet'),
(1545, 'Kartu Debit'),
(1546, 'Kartu Kredit'),
(1547, 'Kartu Debit'),
(1548, 'Kartu Kredit'),
(1549, 'Transfer Bank'),
(1550, 'Kartu Kredit'),
(1551, 'E-Wallet'),
(1552, 'Kartu Debit'),
(1553, 'Kartu Debit'),
(1554, 'Kartu Kredit'),
(1555, 'E-Wallet'),
(1556, 'Kartu Debit'),
(1557, 'Cash'),
(1558, 'Kartu Kredit'),
(1559, 'Kartu Kredit'),
(1560, 'Cash'),
(1561, 'E-Wallet'),
(1562, 'E-Wallet'),
(1563, 'Kartu Kredit'),
(1564, 'Cash'),
(1565, 'Kartu Debit'),
(1566, 'E-Wallet'),
(1567, 'Transfer Bank'),
(1568, 'E-Wallet'),
(1569, 'Kartu Kredit'),
(1570, 'Kartu Kredit'),
(1571, 'Transfer Bank'),
(1572, 'Cash'),
(1573, 'Kartu Kredit'),
(1574, 'E-Wallet'),
(1575, 'Kartu Debit'),
(1576, 'Kartu Debit'),
(1577, 'Kartu Debit'),
(1578, 'Kartu Debit'),
(1579, 'Kartu Debit'),
(1580, 'Transfer Bank'),
(1581, 'Kartu Debit'),
(1582, 'Transfer Bank'),
(1583, 'Cash'),
(1584, 'Transfer Bank'),
(1585, 'Transfer Bank'),
(1586, 'Cash'),
(1587, 'E-Wallet'),
(1588, 'Kartu Debit'),
(1589, 'Kartu Debit'),
(1590, 'Transfer Bank'),
(1591, 'Transfer Bank'),
(1592, 'Transfer Bank'),
(1593, 'Kartu Debit'),
(1594, 'E-Wallet'),
(1595, 'Kartu Debit'),
(1596, 'Kartu Kredit'),
(1597, 'Kartu Kredit'),
(1598, 'Kartu Kredit'),
(1599, 'Kartu Debit'),
(1600, 'Kartu Debit'),
(1601, 'Transfer Bank'),
(1602, 'Kartu Debit'),
(1603, 'Kartu Kredit'),
(1604, 'E-Wallet'),
(1605, 'Cash'),
(1606, 'E-Wallet'),
(1607, 'Kartu Kredit'),
(1608, 'Cash'),
(1609, 'E-Wallet'),
(1610, 'E-Wallet'),
(1611, 'E-Wallet'),
(1612, 'Cash'),
(1613, 'Cash'),
(1614, 'Kartu Debit'),
(1615, 'E-Wallet'),
(1616, 'Cash'),
(1617, 'Transfer Bank'),
(1618, 'Transfer Bank'),
(1619, 'E-Wallet'),
(1620, 'E-Wallet'),
(1621, 'Kartu Kredit'),
(1622, 'Kartu Debit'),
(1623, 'E-Wallet'),
(1624, 'E-Wallet'),
(1625, 'E-Wallet'),
(1626, 'Transfer Bank'),
(1627, 'Kartu Debit'),
(1628, 'Kartu Debit'),
(1629, 'Kartu Debit'),
(1630, 'Kartu Kredit'),
(1631, 'Cash'),
(1632, 'Kartu Kredit'),
(1633, 'Transfer Bank'),
(1634, 'Kartu Debit'),
(1635, 'Kartu Kredit'),
(1636, 'Transfer Bank'),
(1637, 'Transfer Bank'),
(1638, 'Cash'),
(1639, 'Cash'),
(1640, 'Kartu Kredit'),
(1641, 'Transfer Bank'),
(1642, 'Cash'),
(1643, 'E-Wallet'),
(1644, 'Transfer Bank'),
(1645, 'Transfer Bank'),
(1646, 'Cash'),
(1647, 'E-Wallet'),
(1648, 'Kartu Debit'),
(1649, 'Kartu Debit'),
(1650, 'E-Wallet'),
(1651, 'E-Wallet'),
(1652, 'Cash'),
(1653, 'Kartu Debit'),
(1654, 'Kartu Kredit'),
(1655, 'Cash'),
(1656, 'E-Wallet'),
(1657, 'Cash'),
(1658, 'Kartu Debit'),
(1659, 'Transfer Bank'),
(1660, 'Transfer Bank'),
(1661, 'Kartu Debit'),
(1662, 'Transfer Bank'),
(1663, 'Cash'),
(1664, 'E-Wallet'),
(1665, 'Cash'),
(1666, 'Cash'),
(1667, 'Transfer Bank'),
(1668, 'Kartu Debit'),
(1669, 'Kartu Debit'),
(1670, 'Cash'),
(1671, 'Kartu Kredit'),
(1672, 'Kartu Debit'),
(1673, 'Kartu Debit'),
(1674, 'Transfer Bank'),
(1675, 'Kartu Debit'),
(1676, 'Kartu Debit'),
(1677, 'Transfer Bank'),
(1678, 'Kartu Debit'),
(1679, 'Kartu Kredit'),
(1680, 'E-Wallet'),
(1681, 'Kartu Debit'),
(1682, 'Transfer Bank'),
(1683, 'Cash'),
(1684, 'E-Wallet'),
(1685, 'Cash'),
(1686, 'Transfer Bank'),
(1687, 'Transfer Bank'),
(1688, 'Kartu Debit'),
(1689, 'E-Wallet'),
(1690, 'Kartu Kredit'),
(1691, 'Kartu Debit'),
(1692, 'Cash'),
(1693, 'Transfer Bank'),
(1694, 'Transfer Bank'),
(1695, 'Kartu Debit'),
(1696, 'Kartu Kredit'),
(1697, 'Cash'),
(1698, 'E-Wallet'),
(1699, 'Kartu Debit'),
(1700, 'Kartu Kredit'),
(1701, 'Kartu Kredit'),
(1702, 'Cash'),
(1703, 'Transfer Bank'),
(1704, 'E-Wallet'),
(1705, 'Kartu Debit'),
(1706, 'Transfer Bank'),
(1707, 'Transfer Bank'),
(1708, 'Kartu Kredit'),
(1709, 'Kartu Kredit'),
(1710, 'E-Wallet'),
(1711, 'Transfer Bank'),
(1712, 'Transfer Bank'),
(1713, 'Cash'),
(1714, 'Kartu Kredit'),
(1715, 'E-Wallet'),
(1716, 'Kartu Kredit'),
(1717, 'E-Wallet'),
(1718, 'Kartu Kredit'),
(1719, 'E-Wallet'),
(1720, 'Cash'),
(1721, 'Kartu Debit'),
(1722, 'Kartu Debit'),
(1723, 'Kartu Kredit'),
(1724, 'Cash'),
(1725, 'Transfer Bank'),
(1726, 'Cash'),
(1727, 'Kartu Kredit'),
(1728, 'E-Wallet'),
(1729, 'Transfer Bank'),
(1730, 'Transfer Bank'),
(1731, 'Cash'),
(1732, 'Kartu Kredit'),
(1733, 'Kartu Debit'),
(1734, 'Kartu Kredit'),
(1735, 'Transfer Bank'),
(1736, 'Cash'),
(1737, 'E-Wallet'),
(1738, 'Kartu Kredit'),
(1739, 'Cash'),
(1740, 'E-Wallet'),
(1741, 'Transfer Bank'),
(1742, 'Transfer Bank'),
(1743, 'Transfer Bank'),
(1744, 'Kartu Kredit'),
(1745, 'Kartu Debit'),
(1746, 'Kartu Kredit'),
(1747, 'Transfer Bank'),
(1748, 'Cash'),
(1749, 'Cash'),
(1750, 'Kartu Debit'),
(1751, 'Kartu Kredit'),
(1752, 'Transfer Bank'),
(1753, 'Cash'),
(1754, 'E-Wallet'),
(1755, 'Kartu Debit'),
(1756, 'Kartu Debit'),
(1757, 'E-Wallet'),
(1758, 'Kartu Debit'),
(1759, 'Kartu Debit'),
(1760, 'Kartu Kredit'),
(1761, 'E-Wallet'),
(1762, 'E-Wallet'),
(1763, 'Kartu Debit'),
(1764, 'Transfer Bank'),
(1765, 'Kartu Debit'),
(1766, 'E-Wallet'),
(1767, 'E-Wallet'),
(1768, 'E-Wallet'),
(1769, 'Kartu Debit'),
(1770, 'Kartu Debit'),
(1771, 'Kartu Debit'),
(1772, 'E-Wallet'),
(1773, 'Transfer Bank'),
(1774, 'E-Wallet'),
(1775, 'Transfer Bank'),
(1776, 'Kartu Kredit'),
(1777, 'E-Wallet'),
(1778, 'Transfer Bank'),
(1779, 'Kartu Kredit'),
(1780, 'Kartu Kredit'),
(1781, 'Cash'),
(1782, 'Kartu Debit'),
(1783, 'Cash'),
(1784, 'Kartu Kredit'),
(1785, 'Cash'),
(1786, 'Kartu Kredit'),
(1787, 'Kartu Kredit'),
(1788, 'Kartu Kredit'),
(1789, 'Cash'),
(1790, 'Cash'),
(1791, 'E-Wallet'),
(1792, 'Kartu Debit'),
(1793, 'Transfer Bank'),
(1794, 'Kartu Debit'),
(1795, 'Transfer Bank'),
(1796, 'Transfer Bank'),
(1797, 'Transfer Bank'),
(1798, 'Kartu Debit'),
(1799, 'Cash'),
(1800, 'Cash'),
(1801, 'Cash'),
(1802, 'E-Wallet'),
(1803, 'Transfer Bank'),
(1804, 'Kartu Kredit'),
(1805, 'E-Wallet'),
(1806, 'Transfer Bank'),
(1807, 'E-Wallet'),
(1808, 'Kartu Kredit'),
(1809, 'Cash'),
(1810, 'Kartu Kredit'),
(1811, 'Transfer Bank'),
(1812, 'Transfer Bank'),
(1813, 'Kartu Kredit'),
(1814, 'Kartu Debit'),
(1815, 'Cash'),
(1816, 'Kartu Debit'),
(1817, 'Kartu Debit'),
(1818, 'Kartu Kredit'),
(1819, 'E-Wallet'),
(1820, 'Kartu Kredit'),
(1821, 'E-Wallet'),
(1822, 'Cash'),
(1823, 'Transfer Bank'),
(1824, 'Kartu Debit'),
(1825, 'Kartu Kredit'),
(1826, 'Kartu Debit'),
(1827, 'E-Wallet'),
(1828, 'Kartu Kredit'),
(1829, 'Cash'),
(1830, 'Cash'),
(1831, 'Kartu Debit'),
(1832, 'Transfer Bank'),
(1833, 'E-Wallet'),
(1834, 'Transfer Bank'),
(1835, 'Cash'),
(1836, 'E-Wallet'),
(1837, 'Kartu Debit'),
(1838, 'Kartu Debit'),
(1839, 'Transfer Bank'),
(1840, 'Transfer Bank'),
(1841, 'Cash'),
(1842, 'Transfer Bank'),
(1843, 'Transfer Bank'),
(1844, 'Cash'),
(1845, 'Kartu Debit'),
(1846, 'Cash'),
(1847, 'E-Wallet'),
(1848, 'Kartu Debit'),
(1849, 'Cash'),
(1850, 'Cash'),
(1851, 'E-Wallet'),
(1852, 'Transfer Bank'),
(1853, 'Cash'),
(1854, 'Transfer Bank'),
(1855, 'E-Wallet'),
(1856, 'E-Wallet'),
(1857, 'Cash'),
(1858, 'Kartu Kredit'),
(1859, 'E-Wallet'),
(1860, 'Cash'),
(1861, 'Kartu Debit'),
(1862, 'E-Wallet'),
(1863, 'Kartu Debit'),
(1864, 'Kartu Kredit'),
(1865, 'E-Wallet'),
(1866, 'Cash'),
(1867, 'Cash'),
(1868, 'Kartu Kredit'),
(1869, 'Transfer Bank'),
(1870, 'Cash'),
(1871, 'E-Wallet'),
(1872, 'E-Wallet'),
(1873, 'Kartu Debit'),
(1874, 'Transfer Bank'),
(1875, 'Transfer Bank'),
(1876, 'Cash'),
(1877, 'Cash'),
(1878, 'Kartu Kredit'),
(1879, 'Kartu Kredit'),
(1880, 'Cash'),
(1881, 'Kartu Debit'),
(1882, 'Kartu Debit'),
(1883, 'Cash'),
(1884, 'Transfer Bank'),
(1885, 'Kartu Kredit'),
(1886, 'Kartu Kredit'),
(1887, 'Kartu Debit'),
(1888, 'Kartu Kredit'),
(1889, 'Cash'),
(1890, 'Kartu Debit'),
(1891, 'Transfer Bank'),
(1892, 'Kartu Kredit'),
(1893, 'Transfer Bank'),
(1894, 'E-Wallet'),
(1895, 'Transfer Bank'),
(1896, 'Kartu Debit'),
(1897, 'Kartu Kredit'),
(1898, 'Transfer Bank'),
(1899, 'E-Wallet'),
(1900, 'E-Wallet'),
(1901, 'Kartu Debit'),
(1902, 'Kartu Debit'),
(1903, 'E-Wallet'),
(1904, 'Cash'),
(1905, 'Kartu Kredit'),
(1906, 'Cash'),
(1907, 'Kartu Debit'),
(1908, 'Kartu Kredit'),
(1909, 'Cash'),
(1910, 'Kartu Kredit'),
(1911, 'Transfer Bank'),
(1912, 'Cash'),
(1913, 'Cash'),
(1914, 'Kartu Debit'),
(1915, 'E-Wallet'),
(1916, 'Transfer Bank'),
(1917, 'Transfer Bank'),
(1918, 'Kartu Kredit'),
(1919, 'Kartu Debit'),
(1920, 'Kartu Debit'),
(1921, 'Kartu Debit'),
(1922, 'Kartu Debit'),
(1923, 'Cash'),
(1924, 'E-Wallet'),
(1925, 'Kartu Kredit'),
(1926, 'Transfer Bank'),
(1927, 'E-Wallet'),
(1928, 'Kartu Kredit'),
(1929, 'Kartu Kredit'),
(1930, 'Kartu Kredit'),
(1931, 'Kartu Kredit'),
(1932, 'Kartu Kredit'),
(1933, 'Transfer Bank'),
(1934, 'Kartu Kredit'),
(1935, 'E-Wallet'),
(1936, 'E-Wallet'),
(1937, 'E-Wallet'),
(1938, 'Kartu Debit'),
(1939, 'Kartu Debit'),
(1940, 'Kartu Debit'),
(1941, 'Kartu Debit'),
(1942, 'Kartu Kredit'),
(1943, 'Kartu Kredit'),
(1944, 'Transfer Bank'),
(1945, 'E-Wallet'),
(1946, 'Cash'),
(1947, 'Transfer Bank'),
(1948, 'Kartu Kredit'),
(1949, 'Cash'),
(1950, 'Cash'),
(1951, 'Kartu Kredit'),
(1952, 'Transfer Bank'),
(1953, 'Kartu Debit'),
(1954, 'Transfer Bank'),
(1955, 'Transfer Bank'),
(1956, 'E-Wallet'),
(1957, 'Kartu Kredit'),
(1958, 'Cash'),
(1959, 'Kartu Kredit'),
(1960, 'Kartu Debit'),
(1961, 'Kartu Kredit'),
(1962, 'E-Wallet'),
(1963, 'Kartu Kredit'),
(1964, 'Kartu Kredit'),
(1965, 'Kartu Debit'),
(1966, 'Cash'),
(1967, 'E-Wallet'),
(1968, 'Transfer Bank'),
(1969, 'Kartu Kredit'),
(1970, 'Cash'),
(1971, 'Kartu Kredit'),
(1972, 'E-Wallet'),
(1973, 'Transfer Bank'),
(1974, 'Cash'),
(1975, 'E-Wallet'),
(1976, 'Kartu Debit'),
(1977, 'Cash'),
(1978, 'Kartu Kredit'),
(1979, 'Kartu Kredit'),
(1980, 'Cash'),
(1981, 'Kartu Kredit'),
(1982, 'Kartu Debit'),
(1983, 'Kartu Debit'),
(1984, 'Cash'),
(1985, 'E-Wallet'),
(1986, 'Kartu Debit'),
(1987, 'Kartu Kredit'),
(1988, 'Kartu Debit'),
(1989, 'Kartu Kredit'),
(1990, 'Kartu Kredit'),
(1991, 'Cash'),
(1992, 'E-Wallet'),
(1993, 'Kartu Debit'),
(1994, 'Cash'),
(1995, 'Transfer Bank'),
(1996, 'Transfer Bank'),
(1997, 'Cash'),
(1998, 'E-Wallet'),
(1999, 'Kartu Debit'),
(2000, 'Cash')
ON CONFLICT (id) DO NOTHING;

-- Update hibernate_sequence to avoid ID conflicts
SELECT setval('hibernate_sequence', 2101, true);

-- ========================================
-- Verification Query
-- ========================================
-- Run this to verify the data:
/*
SELECT 
  fr.id,
  fr.amount,
  fr.datestamp,
  fr.description,
  fi.paymentmethod,
  coa.name as account_name,
  p.name as program_name
FROM financialreport_comp fr
JOIN financialreport_income fi ON fr.id = fi.id
JOIN chartofaccount_impl coa ON fr.coa_id = coa.id
LEFT JOIN program_comp p ON fr.program_idprogram = p.idprogram
ORDER BY fr.datestamp DESC
LIMIT 20;
*/

SELECT COUNT(*) FROM financialreport_comp;